,0
0,https://linkedin.com/jobs/view/2748425807
1,https://linkedin.com/jobs/view/2738165799
2,https://linkedin.com/jobs/view/2748695318
3,https://linkedin.com/jobs/view/2744671062
4,https://linkedin.com/jobs/view/2754194219
5,https://linkedin.com/jobs/view/2749230632
6,https://linkedin.com/jobs/view/2751047892
7,https://linkedin.com/jobs/view/2746137931
8,https://linkedin.com/jobs/view/2752241059
9,https://linkedin.com/jobs/view/2659150256
10,https://linkedin.com/jobs/view/2698187748
11,https://linkedin.com/jobs/view/2751755106
12,https://linkedin.com/jobs/view/2749202050
13,https://linkedin.com/jobs/view/2753407306
14,https://linkedin.com/jobs/view/2748685106
15,https://linkedin.com/jobs/view/2749777366
16,https://linkedin.com/jobs/view/2748687881
17,https://linkedin.com/jobs/view/2707804522
18,https://linkedin.com/jobs/view/2751700051
19,https://linkedin.com/jobs/view/2751755298
20,https://linkedin.com/jobs/view/2748656015
21,https://linkedin.com/jobs/view/2751754367
22,https://linkedin.com/jobs/view/2741481831
23,https://linkedin.com/jobs/view/2749850696
24,https://linkedin.com/jobs/view/2681046212
25,https://linkedin.com/jobs/view/2748430076
26,https://linkedin.com/jobs/view/2749316986
27,https://linkedin.com/jobs/view/2590429355
28,https://linkedin.com/jobs/view/2748495478
29,https://linkedin.com/jobs/view/2738670557
30,https://linkedin.com/jobs/view/2751751202
31,https://linkedin.com/jobs/view/2754596509
32,https://linkedin.com/jobs/view/2751573375
33,https://linkedin.com/jobs/view/2742760630
34,https://linkedin.com/jobs/view/2749248319
35,https://linkedin.com/jobs/view/2751573417
36,https://linkedin.com/jobs/view/2752539896
37,https://linkedin.com/jobs/view/2750931090
38,https://linkedin.com/jobs/view/2745749376
39,https://linkedin.com/jobs/view/2738926450
40,https://linkedin.com/jobs/view/2581495324
41,https://linkedin.com/jobs/view/2738243632
42,https://linkedin.com/jobs/view/2753590940
43,https://linkedin.com/jobs/view/2729601511
44,https://linkedin.com/jobs/view/2724653294
45,https://linkedin.com/jobs/view/2746622911
46,https://linkedin.com/jobs/view/2731650640
47,https://linkedin.com/jobs/view/2747393705
48,https://linkedin.com/jobs/view/2753458403
49,https://linkedin.com/jobs/view/2754538011
50,https://linkedin.com/jobs/view/2736096294
51,https://linkedin.com/jobs/view/2748426463
52,https://linkedin.com/jobs/view/2751749694
53,https://linkedin.com/jobs/view/2732336806
54,https://linkedin.com/jobs/view/2733611552
55,https://linkedin.com/jobs/view/2748688703
56,https://linkedin.com/jobs/view/2689510280
57,https://linkedin.com/jobs/view/2738065811
58,https://linkedin.com/jobs/view/2748397391
59,https://linkedin.com/jobs/view/2751751330
60,https://linkedin.com/jobs/view/2753320948
61,https://linkedin.com/jobs/view/2746224813
62,https://linkedin.com/jobs/view/2730276263
63,https://linkedin.com/jobs/view/2660101537
64,https://linkedin.com/jobs/view/2594387268
65,https://linkedin.com/jobs/view/2743792542
66,https://linkedin.com/jobs/view/2753399074
67,https://linkedin.com/jobs/view/2723820531
68,https://linkedin.com/jobs/view/2748433283
69,https://linkedin.com/jobs/view/2751752236
70,https://linkedin.com/jobs/view/2751513175
71,https://linkedin.com/jobs/view/2740162139
72,https://linkedin.com/jobs/view/2743901554
73,https://linkedin.com/jobs/view/2749240833
74,https://linkedin.com/jobs/view/2754794262
75,https://linkedin.com/jobs/view/2744696627
76,https://linkedin.com/jobs/view/2749319497
77,https://linkedin.com/jobs/view/2748253991
78,https://linkedin.com/jobs/view/2755093536
79,https://linkedin.com/jobs/view/2749242231
80,https://linkedin.com/jobs/view/2751751243
81,https://linkedin.com/jobs/view/2740241475
82,https://linkedin.com/jobs/view/2748682795
83,https://linkedin.com/jobs/view/2738164798
84,https://linkedin.com/jobs/view/2658950244
85,https://linkedin.com/jobs/view/2748688705
86,https://linkedin.com/jobs/view/2740778326
87,https://linkedin.com/jobs/view/2751754177
88,https://linkedin.com/jobs/view/2740116886
89,https://linkedin.com/jobs/view/2592499162
90,https://linkedin.com/jobs/view/2730879361
91,https://linkedin.com/jobs/view/2754772385
92,https://linkedin.com/jobs/view/2743245975
93,https://linkedin.com/jobs/view/2733266305
94,https://linkedin.com/jobs/view/2475118882
95,https://linkedin.com/jobs/view/2747742754
96,https://linkedin.com/jobs/view/2715142419
97,https://linkedin.com/jobs/view/2691147193
98,https://linkedin.com/jobs/view/2731491822
99,https://linkedin.com/jobs/view/2749228025
100,https://linkedin.com/jobs/view/2741649209
101,https://linkedin.com/jobs/view/2743797676
102,https://linkedin.com/jobs/view/2746248360
103,https://linkedin.com/jobs/view/2747370427
104,https://linkedin.com/jobs/view/2743248854
105,https://linkedin.com/jobs/view/2748465344
106,https://linkedin.com/jobs/view/2741456024
107,https://linkedin.com/jobs/view/2755015225
108,https://linkedin.com/jobs/view/2721755804
109,https://linkedin.com/jobs/view/2727049966
110,https://linkedin.com/jobs/view/2703784594
111,https://linkedin.com/jobs/view/2616402873
112,https://linkedin.com/jobs/view/2748692305
113,https://linkedin.com/jobs/view/2753430228
114,https://linkedin.com/jobs/view/2748487568
115,https://linkedin.com/jobs/view/2751753319
116,https://linkedin.com/jobs/view/2749239188
117,https://linkedin.com/jobs/view/2743952737
118,https://linkedin.com/jobs/view/2725652204
119,https://linkedin.com/jobs/view/2753409871
120,https://linkedin.com/jobs/view/2747697430
121,https://linkedin.com/jobs/view/2734461216
122,https://linkedin.com/jobs/view/2714025734
123,https://linkedin.com/jobs/view/2676728995
124,https://linkedin.com/jobs/view/2624993727
