ngram	n
data	8429
experience	3474
business	2797
team	2346
science	2039
learning	2003
machine	1440
product	1416
machine learning	1391
models	1305
data science	1299
analytics	1277
skills	1234
analysis	1074
status	1054
solutions	1027
opportunity	1012
build	1009
people	1003
technical	987
development	984
research	969
including	966
role	955
engineering	951
teams	910
ability	897
statistical	887
company	885
scientist	857
world	854
tools	851
design	824
data scientist	818
time	786
technology	784
insights	783
gender	782
python	774
products	763
building	756
knowledge	756
support	740
develop	734
disability	734
degree	721
based	707
equal	689
customers	688
complex	662
job	654
software	651
statistics	641
modeling	638
information	634
services	620
management	615
environment	612
computer	609
related	609
ai	594
platform	583
sql	583
strong	574
customer	571
quantitative	561
techniques	561
e.g	558
drive	556
employment	552
understanding	552
employer	550
protected	546
systems	543
industry	542
analytical	539
impact	537
provide	524
clients	523
equal opportunity	521
projects	517
health	515
join	515
sexual	506
opportunities	503
process	503
qualifications	502
global	490
communication	486
ml	486
national	486
create	478
race	476
learn	474
computer science	472
identity	468
driven	467
orientation	467
requirements	465
advanced	464
sexual orientation	458
employees	457
improve	456
responsibilities	455
veteran	453
identify	448
origin	446
preferred	446
diverse	443
results	443
national origin	443
scientists	441
committed	440
age	436
marketing	435
benefits	433
applicants	431
methods	429
deliver	425
understand	425
quality	420
performance	418
organization	417
religion	415
gender identity	413
color	412
growth	408
key	408
predictive	408
model	404
apply	402
position	401
veteran status	400
life	394
deep	390
required	390
developing	388
programming	388
senior	387
field	386
cloud	384
scale	384
you’ll	382
professional	381
algorithms	376
expertise	375
solving	372
engineers	371
leading	367
culture	363
internal	361
opportunity employer	360
highly	355
medical	355
solve	354
technologies	354
cross	353
financial	353
mission	352
processes	351
data scientists	350
equal opportunity employer	345
aws	343
project	343
user	341
digital	340
innovative	340
strategy	339
level	336
law	334
bring	332
we’re	332
relevant	330
stakeholders	330
functional	328
partners	328
client	326
testing	326
decision	325
production	323
care	317
1	316
qualified	316
intelligence	313
future	311
real	308
lead	304
multiple	304
practices	304
mathematics	301
language	300
applicable	299
operations	299
decisions	296
application	295
career	293
code	293
processing	291
leadership	290
sex	289
closely	286
community	285
inclusive	285
vision	285
responsible	279
accommodation	277
creating	276
diversity	275
accommodations	273
experiences	272
include	270
applications	266
day	266
success	266
candidate	263
communicate	262
insurance	262
optimization	260
fast	259
growing	255
data analysis	255
data driven	255
race color	255
visualization	254
candidates	252
3	251
individual	250
recommendations	250
content	249
grow	249
paid	249
5	248
2	247
action	247
applied	246
sets	246
innovation	245
minimum	245
qualified applicants	244
cross functional	243
power	242
orientation gender	242
sexual orientation gender	242
strategic	241
partner	239
analyze	238
applying	238
online	237
unique	237
external	236
sources	232
analyses	231
languages	230
local	230
remote	229
implement	226
written	226
phd	224
travel	224
communication skills	223
proud	222
york	222
amazon	221
platforms	221
data sets	221
manage	220
providing	220
description	219
expression	219
facebook	219
risk	219
share	219
helping	218
companies	217
datasets	216
healthcare	216
users	216
ensure	215
collaborate	214
questions	214
variety	214
basis	213
market	213
regard	213
ibm	211
protected veteran	211
advertising	210
program	209
google	207
critical	206
reporting	205
excellent	203
individuals	203
marital	203
reasonable	203
home	202
range	202
office	201
passionate	201
service	201
students	201
senior data	201
approaches	200
system	200
wide	200
competitive	198
media	198
tableau	198
core	197
clinical	196
consumer	196
workplace	196
protected veteran status	196
approach	195
focused	195
managers	195
millions	193
term	193
azure	192
focus	192
ideas	192
specific	192
change	191
collaborative	191
issues	191
location	191
meet	191
hiring	189
test	189
orientation gender identity	189
family	188
methodologies	188
color religion	188
capabilities	187
existing	187
economics	186
personal	185
training	185
potential	184
programs	184
learning models	184
policy	183
challenges	180
collaboration	180
education	180
concepts	179
passion	179
successful	179
senior data scientist	178
pipelines	177
receive	177
creative	176
define	176
discriminate	176
meaningful	176
thinking	176
equivalent	175
actionable	174
communities	174
hands	174
offer	174
metrics	172
regression	172
sales	172
marital status	172
features	170
plans	170
mining	169
set	169
employee	168
race color religion	168
businesses	167
expert	167
tech	167
federal	166
reports	165
effectively	164
enable	164
forecasting	164
infrastructure	163
levels	163
web	163
class	162
relationships	162
trends	162
maintain	161
love	160
verbal	160
leader	159
outcomes	159
deep learning	159
access	157
databases	157
delivery	157
search	157
4	156
connect	156
social	156
spark	156
audiences	155
disabilities	155
goals	155
machine learning models	155
plan	154
dynamic	153
effective	152
enterprise	152
leverage	152
operational	152
supply	152
finance	151
leveraging	151
seeking	151
united	151
visit	151
inclusion	150
initiatives	150
java	150
legally	150
natural	150
pregnancy	150
affirmative	149
compensation	149
matter	149
subject	149
writing	149
affirmative action	149
data analytics	149
contribute	148
frameworks	148
human	148
values	148
engagement	147
paced	147
physical	147
analyzing	146
experts	146
world’s	145
data visualization	145
ad	144
consulting	144
leaders	144
million	144
optimize	144
data sources	144
fast paced	144
delivering	143
distributed	143
findings	143
network	143
oriented	143
chain	142
perform	142
quantitative field	142
consideration	141
assistance	140
strategies	140
track	140
analytic	139
basic	139
database	139
live	139
experimentation	138
lives	138
artificial	137
computing	137
designing	137
eeo	137
implementation	137
serve	137
demonstrated	136
proficiency	136
solution	136
transform	136
facing	135
includes	135
top	135
legally protected	135
experienced	134
structured	134
billions	133
current	133
experiments	133
mathematical	133
achieve	132
address	132
email	132
https	132
measurement	132
record	132
data mining	132
science team	132
flexible	131
ideal	131
largest	131
proven	131
equal employment	131
supply chain	131
citizenship	130
hadoop	130
mental	130
nlp	130
trust	130
source	129
gender gender	129
forward	128
presentation	128
request	128
similar	128
gender gender identity	128
dental	127
directly	127
independently	127
predictive models	127
analyst	126
consistent	126
edge	126
it’s	126
person	126
artificial intelligence	126
natural language	126
deploying	125
review	125
execute	124
feature	124
helps	124
reach	124
scalable	124
driving	123
multi	123
capital	122
investment	122
managing	122
revenue	122
talent	122
action employer	122
religion sex	122
affirmative action employer	122
built	121
ms	121
offers	121
preferred qualifications	121
behavior	120
brands	120
deployment	120
requires	120
unstructured	120
essential	119
tutors	119
background	118
broad	118
contact	118
dashboards	118
enjoy	118
functions	118
microsoft	118
series	118
race religion	118
receive consideration	118
data science team	118
perspectives	117
quickly	117
resources	117
agile	116
recruiting	116
security	116
translate	116
comprehensive	115
hours	115
improving	115
backgrounds	114
enhance	114
evaluate	114
ey	114
you’re	114
covid	113
discover	113
generate	113
math	113
performing	113
planning	113
thrive	113
language processing	113
product managers	113
statistical analysis	113
efforts	112
major	112
physics	112
salary	112
learning techniques	112
bachelor’s	111
classification	111
tasks	111
commercial	110
engineer	110
usa	110
software development	110
additional	109
characteristics	109
coding	109
deploy	109
execution	109
familiarity	109
influence	109
organizations	109
pay	109
report	109
video	109
personalized	108
natural language processing	108
changing	107
empower	107
leave	107
locations	107
comfortable	106
criminal	106
purpose	106
19	105
addition	105
view	105
color national	105
color national origin	105
architecture	104
careers	104
clustering	104
curious	104
due	104
explore	104
genetic	104
package	104
relational	104
ml models	104
predictive modeling	104
reasonable accommodations	104
extract	103
inform	103
laws	103
presentations	103
retail	103
scientific	103
supporting	103
tutoring	103
10	102
audience	102
experimental	102
motivated	102
talented	102
covid 19	102
ancestry	101
eligible	101
equity	101
limited	101
sciences	101
advanced analytics	101
ideal candidate	101
chance	100
patterns	100
real time	100
real world	100
religion color	100
status disability	100
challenging	99
events	99
generation	99
practical	99
san	99
employment opportunity	99
race religion color	99
art	98
mobile	98
note	98
scripting	98
visualizations	98
world class	98
kpmg	97
ready	97
require	97
scikit	97
shape	97
data engineering	97
equal employment opportunity	97
machine learning techniques	97
conduct	96
dedicated	96
detail	96
histories	96
workforce	96
collection	95
days	95
encourage	95
implementing	95
master’s	95
objectives	95
organizational	95
validation	95
criminal histories	95
sex sexual	95
apps	94
colleagues	94
communicating	94
considered	94
sex sexual orientation	94
challenge	93
firm	93
measure	93
bachelor’s degree	93
job description	93
related field	93
religion color national	93
analysts	92
discipline	92
excel	92
globally	92
markets	92
monitoring	92
pricing	92
public	92
standard	92
data pipelines	92
domain	91
offices	91
ongoing	91
product development	91
track record	91
base	90
center	90
francisco	90
fun	90
integrity	90
prioritize	90
gender expression	90
origin gender	90
san francisco	90
national origin gender	90
100	89
connected	89
etl	89
excited	89
expand	89
integration	89
sas	89
scala	89
thousands	89
tv	89
engineering teams	89
scikit learn	89
closer	88
emerging	88
evaluation	88
modern	88
parental	88
vacation	88
reasonable accommodation	88
fraud	87
networks	87
positions	87
subject matter	87
activities	86
app	86
depth	86
junior	86
primary	86
qualification	86
recognized	86
genetic information	86
bonus	85
brand	85
compliance	85
stack	85
standards	85
voice	85
histories consistent	85
time series	85
criminal histories consistent	85
bi	84
department	84
hire	84
provider	84
text	84
world's	84
build community	84
identity gender	84
gender identity gender	84
characteristic	83
corporate	83
duties	83
expected	83
fields	83
options	83
pandas	83
u.s	83
applicable federal	83
automation	82
cutting	82
discovery	82
efficient	82
exciting	82
maintaining	82
news	82
principles	82
roles	82
seek	82
cutting edge	82
operations research	82
science engineering	82
identity gender expression	82
communications	81
computational	81
conditions	81
constantly	81
continuous	81
daily	81
demand	81
entire	81
explain	81
military	81
positive	81
space	81
tensorflow	81
commitment	80
ecosystem	80
journey	80
recruitment	80
run	80
write	80
local law	80
benefit	79
city	79
disciplines	79
ensuring	79
music	79
spotify	79
business partners	79
functional teams	79
bachelor's	78
collect	78
direction	78
documentation	78
environments	78
exceptional	78
goal	78
hard	78
libraries	78
matters	78
start	78
professional services	78
statistical modeling	78
balance	77
difference	77
id	77
inference	77
insight	77
learning algorithms	77
act	76
causal	76
determine	76
fair	76
free	76
heart	76
improvements	76
masters	76
ownership	76
patients	76
professionals	76
tests	76
twitter	76
validate	76
basic qualifications	76
complex data	76
science machine	76
science machine learning	76
7	75
colorado	75
guide	75
hive	75
internet	75
portfolio	75
privacy	75
summary	75
visualization tools	75
written communication	75
accuracy	74
ambiguity	74
annual	74
developers	74
effectiveness	74
exploratory	74
selection	74
transparency	74
industry experience	74
ads	73
control	73
direct	73
innovate	73
led	73
participate	73
play	73
robust	73
transformation	73
analytics team	73
data modeling	73
programming languages	73
complete	72
consumers	72
feel	72
patient	72
rapidly	72
technical skills	72
wide range	72
2021	71
advance	71
automated	71
company’s	71
efficiency	71
excellence	71
feedback	71
i.e	71
progress	71
requests	71
startup	71
bachelor's degree	71
color religion sex	71
cross functional teams	71
machine learning algorithms	71
aspects	70
executive	70
interpersonal	70
leads	70
linear	70
operate	70
party	70
researchers	70
strive	70
transforming	70
solving skills	70
answer	69
collaborating	69
hybrid	69
improvement	69
integrate	69
safety	69
school	69
taking	69
uncover	69
data analyst	69
including pregnancy	69
master’s degree	69
statistics mathematics	69
bringing	68
desire	68
detection	68
enabling	68
identifying	68
makes	68
mentorship	68
prediction	68
qualitative	68
rigorous	68
smart	68
stock	68
tutor	68
varsity	68
1 online	68
applicable law	68
data management	68
disability status	68
identity sexual	68
online tutoring	68
protected characteristics	68
statistical methods	68
status sexual	68
varsity tutors	68
1 online tutoring	68
identity sexual orientation	68
ca	67
combination	67
director	67
discrimination	67
extensive	67
form	67
lifecycle	67
linux	67
prior	67
proficient	67
utilizing	67
wellness	67
business intelligence	67
mathematics statistics	67
orientation age	67
product teams	67
statistical models	67
legally protected characteristics	67
sexual orientation age	67
classes	66
continue	66
countries	66
guidance	66
informed	66
neural	66
partnership	66
perks	66
sponsorship	66
supervised	66
data products	66
discriminate based	66
providing reasonable	66
2020	65
attention	65
responsibility	65
retention	65
identity national	65
identity national origin	65
collaboratively	64
deliverables	64
government	64
hypotheses	64
packages	64
preferably	64
sharing	64
stage	64
weeks	64
what’s	64
gender identity sexual	64
providing reasonable accommodations	64
banking	63
childbirth	63
claims	63
conferences	63
curiosity	63
custom	63
hypothesis	63
means	63
pipeline	63
priorities	63
pytorch	63
remotely	63
unit	63
worldwide	63
applicable legally	63
characteristic protected	63
complex business	63
health care	63
medical conditions	63
applicable legally protected	63
common	62
creation	62
differences	62
experiment	62
game	62
hundreds	62
industries	62
manner	62
mindset	62
modelling	62
payments	62
practice	62
stronger	62
actionable insights	62
experience building	62
origin sex	62
related medical	62
software engineering	62
unstructured data	62
6	61
condition	61
cost	61
educational	61
marketplace	61
pride	61
started	61
streaming	61
age status	61
computer vision	61
data engineers	61
disability age	61
national origin sex	61
related medical conditions	61
accelerate	60
amounts	60
commerce	60
conducting	60
delivers	60
embrace	60
international	60
oscar	60
segmentation	60
story	60
studies	60
gender sexual	60
job id	60
religion national	60
science statistics	60
computer science engineering	60
gender identity national	60
gender sexual orientation	60
religion national origin	60
assist	59
earn	59
energy	59
gain	59
impactful	59
legal	59
manager	59
massive	59
ny	59
powerful	59
applied mathematics	59
experimental design	59
pregnancy childbirth	59
acquisition	58
advertisers	58
assigned	58
compelling	58
dice	58
fortune	58
interpret	58
interview	58
operating	58
scope	58
significant	58
site	58
solid	58
special	58
sports	58
student	58
career growth	58
accurate	57
bs	57
category	57
coaching	57
connects	57
creativity	57
demonstrable	57
engage	57
located	57
mentoring	57
simulation	57
skill	57
advanced degree	57
data collection	57
languages e.g	57
learning experience	57
life insurance	57
religion gender	57
sex including	57
statistical techniques	57
veteran status disability	57
array	56
credit	56
defining	56
easy	56
ethnicity	56
finding	56
images	56
mentor	56
methodology	56
money	56
shared	56
sophisticated	56
study	56
origin disability	56
national origin disability	56
actions	55
cycle	55
date	55
function	55
generous	55
ground	55
healthfirst	55
hoc	55
numpy	55
offerings	55
ph.d	55
player	55
roadmap	55
sagemaker	55
sense	55
stories	55
ux	55
advanced statistical	55
inclusive workplace	55
protected status	55
relational databases	55
sex including pregnancy	55
combine	54
country	54
establish	54
interact	54
matlab	54
peloton	54
reddit	54
risks	54
simple	54
statement	54
suite	54
trusted	54
ad hoc	54
business questions	54
paid time	54
statistics computer	54
including pregnancy childbirth	54
50	53
agency	53
associates	53
details	53
entrepreneurial	53
initiative	53
master's	53
move	53
moving	53
north	53
select	53
strength	53
vaccinated	53
age marital	53
cloud based	53
conditions sexual	53
customer facing	53
personalized learning	53
programming skills	53
conditions sexual orientation	53
medical conditions sexual	53
statistics computer science	53
adoption	52
assets	52
builds	52
desired	52
developer	52
engine	52
fashion	52
fastest	52
fintech	52
foundation	52
functionally	52
increase	52
navigate	52
overview	52
partnerships	52
post	52
provided	52
records	52
traditional	52
cross functionally	52
data team	52
software engineers	52
visit https	52
12	51
401k	51
accurately	51
add	51
automate	51
billion	51
broader	51
click	51
designers	51
exposure	51
framework	51
friendly	51
giving	51
hardware	51
hopper	51
monitor	51
partnering	51
preferences	51
short	51
staff	51
store	51
topics	51
translating	51
version	51
virtual	51
data models	51
dynamic environment	51
feature engineering	51
medical dental	51
neural networks	51
web services	51
500	50
assess	50
asset	50
audio	50
bayesian	50
close	50
designed	50
develops	50
entertainment	50
history	50
manufacturing	50
predict	50
recommendation	50
reviews	50
rich	50
society	50
sr	50
starter	50
transgender	50
we’ll	50
ai ml	50
cloud computing	50
origin age	50
parental leave	50
product management	50
science mathematics	50
solve complex	50
successful candidate	50
national origin age	50
academic	49
associate	49
defined	49
derive	49
link	49
match	49
personalization	49
perspective	49
procedures	49
publications	49
regulatory	49
speed	49
units	49
xandr	49
citizenship status	49
data processing	49
york city	49
religion sex sexual	49
apis	48
behavioral	48
creed	48
facebook's	48
facilitate	48
graph	48
interface	48
iterating	48
lot	48
produce	48
proprietary	48
providers	48
regulations	48
resource	48
shopping	48
storage	48
structures	48
subscription	48
type	48
university	48
usage	48
verify	48
fastest growing	48
identify opportunities	48
sex national	48
sex national origin	48
written communication skills	48
401	47
agencies	47
check	47
components	47
contributing	47
devices	47
jobs	47
looker	47
offering	47
oral	47
owners	47
promote	47
religious	47
retirement	47
veterans	47
bring people	47
customer experience	47
excellent communication	47
master's degree	47
minimum qualifications	47
programming language	47
recruiting process	47
30	46
abilities	46
builders	46
california	46
choose	46
contract	46
document	46
drives	46
extraction	46
founded	46
hr	46
stakeholder	46
stay	46
supports	46
timely	46
tracking	46
trees	46
unsupervised	46
utilize	46
workflows	46
age disability	46
inclusive culture	46
local laws	46
status protected	46
status veteran	46
transgender status	46
verbal communication	46
color religion gender	46
legally protected status	46
20	45
america	45
bachelors	45
campaign	45
clean	45
continuously	45
expect	45
exploration	45
fit	45
independent	45
integrated	45
intelligent	45
page	45
parents	45
phone	45
serving	45
total	45
visual	45
business requirements	45
data quality	45
experience developing	45
exploratory data	45
expression age	45
global teams	45
multiple projects	45
opportunity workplace	45
people build	45
quantitative analysis	45
equal opportunity workplace	45
orientation gender gender	45
religion sex national	45
accept	44
accordance	44
account	44
algorithm	44
cleaning	44
contributor	44
exploring	44
graduate	44
industrial	44
involved	44
keras	44
line	44
macy’s	44
notice	44
payment	44
preparation	44
query	44
reduce	44
refine	44
resumes	44
salesforce	44
save	44
supported	44
volume	44
warehouse	44
winning	44
business decisions	44
business stakeholders	44
experienced data	44
paid parental	44
predictive analytics	44
quantitative discipline	44
scripting languages	44
wide variety	44
data visualization tools	44
8	43
bank	43
creatively	43
deeply	43
demonstrate	43
domains	43
follow	43
front	43
gcp	43
handle	43
house	43
innovations	43
meetings	43
querying	43
schedule	43
specifically	43
spirit	43
stereotypes	43
structure	43
causal inference	43
demonstrated ability	43
empower people	43
expression transgender	43
professional experience	43
sexual stereotypes	43
stereotypes age	43
data science machine	43
expression transgender status	43
gender expression transgender	43
origin sex including	43
sexual stereotypes age	43
status sexual stereotypes	43
stereotypes age status	43
transgender status sexual	43
acumen	42
ambiguous	42
concept	42
connecting	42
employers	42
enables	42
faster	42
forecast	42
ideally	42
maintenance	42
matching	42
mix	42
nice	42
path	42
queries	42
regular	42
respect	42
strategically	42
succeed	42
that’s	42
theory	42
vendors	42
e.g sql	42
facebook's mission	42
fair chance	42
financial services	42
model development	42
orientation national	42
preferred qualification	42
presentation skills	42
sql python	42
statistics economics	42
stronger communities	42
world closer	42
computer science mathematics	42
computer science statistics	42
excellent communication skills	42
orientation national origin	42
origin gender sexual	42
9	41
authorization	41
campaigns	41
complexity	41
descriptive	41
ext	41
fb.com	41
git	41
javascript	41
llc	41
nosql	41
prioritizing	41
rights	41
stem	41
teammates	41
valuable	41
visa	41
we’ve	41
accommodations due	41
accommodations ext	41
amazon web	41
build stronger	41
business expand	41
color ancestry	41
connects billions	41
constantly iterating	41
employment opportunities	41
ext fb.com	41
helps bring	41
iterating solving	41
law facebook	41
lead data	41
people closer	41
product engineering	41
reach people	41
accommodations ext fb.com	41
amazon web services	41
bring people closer	41
build stronger communities	41
constantly iterating solving	41
helps bring people	41
local law facebook	41
people build stronger	41
biology	40
brings	40
combining	40
coverage	40
creators	40
deadlines	40
dealing	40
delivered	40
diving	40
don’t	40
enterprises	40
evidence	40
evolving	40
executives	40
familiar	40
launch	40
policies	40
pre	40
private	40
push	40
reimbursement	40
root	40
savvy	40
unlock	40
benefits package	40
decision trees	40
dental vision	40
industry leading	40
minimum qualification	40
paced environment	40
race color ancestry	40
sexual orientation national	40
accessible	39
actively	39
assessments	39
assurance	39
behaviors	39
belonging	39
biggest	39
call	39
completing	39
conviction	39
economic	39
efficiently	39
flexibility	39
foster	39
google's	39
guidewire	39
inside	39
instagram	39
interactions	39
investors	39
landscape	39
manipulating	39
obsessed	39
powered	39
proactively	39
read	39
recognize	39
requirement	39
setting	39
step	39
team’s	39
thoughtful	39
willingness	39
wireless	39
ancestry religion	39
citizenship marital	39
competitive compensation	39
inclusive environment	39
skills ability	39
strong communication	39
age marital status	39
exploratory data analysis	39
fast paced environment	39
marital status disability	39
adp	38
affinity	38
answering	38
applicant	38
beginning	38
chase	38
conversation	38
econometrics	38
en	38
expanding	38
families	38
image	38
list	38
master	38
multivariate	38
pioneering	38
principal	38
single	38
trade	38
transactions	38
volunteer	38
women	38
analyze data	38
data insights	38
detail oriented	38
junior data	38
key business	38
modeling techniques	38
phd degree	38
qualifications bachelor’s	38
scale data	38
science computer	38
solve business	38
statistical mathematical	38
citizenship marital status	38
status veteran status	38
amazon’s	37
centric	37
designs	37
developed	37
disparate	37
engagements	37
engaging	37
estate	37
executing	37
fundamentals	37
governance	37
manipulate	37
novo	37
operation	37
powerpoint	37
predictions	37
reliable	37
sustainable	37
times	37
tool	37
types	37
volumes	37
business acumen	37
data structures	37
data warehouse	37
e.g python	37
experience writing	37
highly personalized	37
interpersonal skills	37
origin sexual	37
science solutions	37
social media	37
technical concepts	37
color ancestry religion	37
data science solutions	37
national origin sexual	37
origin sexual orientation	37
channels	36
confidence	36
documents	36
enabled	36
enjoys	36
gathering	36
generating	36
github	36
possess	36
pwc	36
running	36
sound	36
survey	36
website	36
www.amazon.jobs	36
age citizenship	36
drive business	36
en disability	36
https www.amazon.jobs	36
hypothesis testing	36
life cycle	36
medical condition	36
mental disability	36
orientation protected	36
qualifications bachelor's	36
race national	36
software engineer	36
www.amazon.jobs en	36
ancestry religion sex	36
color religion national	36
https www.amazon.jobs en	36
orientation protected veteran	36
origin gender gender	36
race national origin	36
sexual orientation protected	36
status disability age	36
visit https www.amazon.jobs	36
www.amazon.jobs en disability	36
aim	35
alongside	35
api	35
authorized	35
bias	35
celebrate	35
costs	35
departments	35
destination	35
discovering	35
fresh	35
globe	35
insightful	35
institutions	35
lighthouse	35
listening	35
mind	35
month	35
postgres	35
priority	35
promotion	35
prototype	35
psychology	35
random	35
recognition	35
size	35
skilled	35
stitch	35
underlying	35
varying	35
we’d	35
delivering results	35
engineering team	35
field computer	35
mental health	35
product team	35
real estate	35
science projects	35
sr data	35
technical solutions	35
workplace amazon	35
york ny	35
data science projects	35
field computer science	35
inclusive workplace amazon	35
accounting	34
active	34
airflow	34
applies	34
attribution	34
competencies	34
completed	34
empowered	34
evaluating	34
everyday	34
gather	34
genetics	34
huge	34
intersection	34
iot	34
joining	34
linkedin	34
nordisk	34
ordinance	34
past	34
personalize	34
rates	34
resume	34
seattle	34
send	34
spend	34
synthesize	34
vaccination	34
word	34
application process	34
azure data	34
business goals	34
deep understanding	34
expression sexual	34
highly collaborative	34
masters degree	34
novo nordisk	34
practical experience	34
product strategy	34
professional development	34
programming experience	34
skills including	34
team player	34
tutors platform	34
user behavior	34
complex data sets	34
expression sexual orientation	34
highly personalized learning	34
personalized learning experience	34
qualifications bachelor's degree	34
qualifications bachelor’s degree	34
sr data scientist	34
varsity tutors platform	34
anomaly	33
answers	33
award	33
backend	33
chicago	33
consistently	33
context	33
draw	33
drivers	33
eager	33
evolve	33
flow	33
force	33
fundamental	33
internship	33
nyc	33
prototypes	33
pto	33
pyspark	33
reaching	33
recommend	33
satisfaction	33
scaling	33
sessions	33
simplify	33
solver	33
submit	33
tackle	33
train	33
typically	33
validating	33
vary	33
verizon	33
business processes	33
disability gender	33
equivalent experience	33
google cloud	33
highly quantitative	33
models experience	33
project management	33
research statistics	33
responsibilities include	33
user experience	33
orientation age citizenship	33
status disability gender	33
adapt	32
ambitious	32
bioinformatics	32
capable	32
central	32
combines	32
dimensional	32
effect	32
fix	32
getty	32
headquartered	32
jupyter	32
kpis	32
monthly	32
native	32
nielsen	32
offered	32
poster	32
prepare	32
proof	32
quantify	32
rapid	32
redshift	32
rewards	32
server	32
starting	32
style	32
summer	32
takes	32
ventures	32
workflow	32
analytics solutions	32
base salary	32
critical thinking	32
fast growing	32
getty images	32
information systems	32
job application	32
matter expertise	32
operational research	32
python sql	32
relevant experience	32
requires accommodation	32
statistics machine	32
visa sponsorship	32
age citizenship marital	32
computer science machine	32
quantitative field computer	32
25	31
bull	31
cancer	31
consultants	31
continuing	31
division	31
ethical	31
expectations	31
fans	31
holidays	31
idea	31
interaction	31
kubernetes	31
maximize	31
months	31
navihealth	31
oncology	31
onsite	31
optimizing	31
posting	31
property	31
relationship	31
saas	31
savings	31
scipy	31
sites	31
starts	31
strongly	31
teach	31
trial	31
utilization	31
valued	31
week	31
age sex	31
applicable laws	31
business unit	31
chance ordinance	31
data platform	31
functional team	31
key responsibilities	31
learning solutions	31
prior experience	31
risk management	31
statistics applied	31
strong analytical	31
equal employment opportunities	31
fair chance ordinance	31
statistics machine learning	31
advocate	30
arrest	30
articulate	30
avanade	30
awards	30
break	30
capacity	30
categories	30
college	30
decide	30
demonstrating	30
disabled	30
distribution	30
drug	30
easier	30
empowers	30
factors	30
harassment	30
hidden	30
host	30
incentive	30
interactive	30
investing	30
lines	30
living	30
los	30
merchant	30
peer	30
previous	30
productivity	30
researcher	30
resolve	30
s3	30
tx	30
unlimited	30
wrangling	30
zillow	30
ambiguity prioritizing	30
award winning	30
business impact	30
business objectives	30
highly motivated	30
management skills	30
required skills	30
science data	30
scientist role	30
scientists engineers	30
tech experts	30
technical field	30
cross functional team	30
data scientist role	30
languages e.g sql	30
lead data scientist	30
medical dental vision	30
religion gender gender	30
subject matter expertise	30
accredited	29
additionally	29
amazon.com	29
angeles	29
artists	29
assumptions	29
authentic	29
concise	29
continued	29
creates	29
crucial	29
effort	29
enablement	29
ensures	29
equality	29
google’s	29
interpretation	29
involves	29
obtain	29
oracle	29
propose	29
purchase	29
reinforcement	29
rigor	29
safe	29
scripts	29
true	29
visibility	29
zone	29
ai solutions	29
analysis data	29
analytical skills	29
build ml	29
business outcomes	29
business savvy	29
career destination	29
conviction records	29
customer obsessed	29
deep technical	29
demonstrable track	29
demonstrated experience	29
distributed systems	29
field e.g	29
innovative solutions	29
leading career	29
learning data	29
los angeles	29
pay transparency	29
power bi	29
preferred experience	29
provide support	29
relevant data	29
series analysis	29
skills experience	29
software e.g	29
demonstrable track record	29
highly quantitative field	29
leading career destination	29
research statistics mathematics	29
200	28
administration	28
adobe	28
agreement	28
algorithmic	28
bloomberg	28
camera	28
celebrates	28
cell	28
centers	28
ci	28
communicator	28
conversations	28
customer’s	28
demonstrates	28
detailed	28
electrical	28
firms	28
fitness	28
funding	28
influencing	28
invest	28
investments	28
iterate	28
judgment	28
merchants	28
object	28
outliers	28
political	28
popular	28
pushing	28
ranking	28
represent	28
shaping	28
simply	28
teaching	28
terms	28
transit	28
ultimately	28
visualize	28
advanced data	28
advertising business	28
analysis experience	28
analytical approaches	28
business analytics	28
business units	28
ca usa	28
communicate complex	28
eeo policy	28
engineering computer	28
existing data	28
external data	28
internal stakeholders	28
knowledge sharing	28
learning operational	28
legal requirements	28
mathematics computer	28
matter expert	28
opportunity affirmative	28
physical disability	28
positive impact	28
proven ability	28
rapidly growing	28
religion age	28
disability gender identity	28
equal opportunity affirmative	28
experienced data scientist	28
learning operational research	28
machine learning operational	28
machine learning solutions	28
marital status veteran	28
opportunity affirmative action	28
status protected veteran	28
subject matter expert	28
attitude	27
awareness	27
bigquery	27
canada	27
capability	27
cleansing	27
completion	27
cover	27
created	27
deeper	27
deployed	27
devops	27
electronic	27
handling	27
hired	27
jpmorgan	27
listed	27
manipulation	27
marketers	27
medicine	27
membership	27
mysql	27
onboarding	27
output	27
outputs	27
outstanding	27
pharmaceutical	27
picture	27
plenty	27
reason	27
remind	27
situations	27
specialized	27
successfully	27
teamwork	27
transaction	27
unsolicited	27
wa	27
warnermedia	27
business leaders	27
business teams	27
compensation package	27
data exploration	27
development experience	27
driven decision	27
electrical engineering	27
eligible employees	27
equivalent practical	27
extensive experience	27
facing role	27
information marital	27
math statistics	27
meaningful impact	27
qualifications experience	27
senior management	27
sex age	27
sex gender	27
technical audiences	27
technical expertise	27
version control	27
genetic information marital	27
information marital status	27
mathematics computer science	27
models experience writing	27
operational research statistics	27
time series analysis	27
verbal communication skills	27
accenture	26
actuarial	26
amount	26
biomedical	26
centered	26
certification	26
choice	26
cvs	26
cyber	26
databricks	26
engines	26
extracting	26
flatiron	26
foundational	26
healthy	26
hear	26
informatics	26
integrating	26
launched	26
lifetime	26
maintains	26
named	26
optimal	26
option	26
producing	26
rest	26
sector	26
seeks	26
sick	26
slack	26
snowflake	26
specifications	26
spectrum	26
stores	26
task	26
voices	26
additional information	26
analytics tools	26
aws professional	26
build data	26
business insights	26
diverse team	26
functional partners	26
growing team	26
including data	26
jpmorgan chase	26
life sciences	26
mathematical software	26
military status	26
statistical tools	26
status age	26
transit wireless	26
translate business	26
aws professional services	26
build ml models	26
customer facing role	26
data science computer	26
machine learning data	26
mathematical software e.g	26
science computer science	26
statistical mathematical software	26
strong communication skills	26
advertiser	25
amazing	25
america’s	25
assessment	25
attributes	25
cd	25
continually	25
detect	25
dynamics	25
ecommerce	25
emotional	25
encouraged	25
english	25
event	25
fluency	25
food	25
geospatial	25
hires	25
http	25
ingestion	25
interpreting	25
j.p	25
keeping	25
listen	25
logistic	25
meeting	25
mode	25
morgan	25
nature	25
optimizations	25
organize	25
performed	25
playing	25
primarily	25
probability	25
profile	25
protocols	25
pursuant	25
question	25
roadmaps	25
roku	25
seamless	25
securities	25
serves	25
sign	25
thrives	25
trials	25
troubleshooting	25
valid	25
venture	25
analyzing data	25
anomaly detection	25
building data	25
ci cd	25
disability protected	25
experience applying	25
francisco fair	25
law poster	25
life balance	25
mathematics physics	25
matter experts	25
qualified candidates	25
retirement plans	25
software solutions	25
solving complex	25
stitch fix	25
strong knowledge	25
time management	25
cross functional partners	25
data driven decision	25
deep technical skills	25
disability protected veteran	25
francisco fair chance	25
san francisco fair	25
status sexual orientation	25
accountability	24
adaptive	24
align	24
alternative	24
american	24
apache	24
architect	24
autonomy	24
bigfoot	24
boundaries	24
capture	24
craft	24
crm	24
depending	24
docker	24
docusign	24
domestic	24
embedded	24
empowering	24
ethics	24
examples	24
il	24
implemented	24
makers	24
mixed	24
nj	24
pearson	24
preferredexperience	24
received	24
recent	24
reliability	24
result	24
retrieval	24
return	24
spanning	24
sponsored	24
square	24
target	24
technologists	24
trading	24
transfer	24
transformed	24
tuning	24
unparalleled	24
virginia	24
visualizing	24
accurately determine	24
applied math	24
build solutions	24
collaborative team	24
data analysts	24
data infrastructure	24
data technologies	24
distributed computing	24
diverse perspectives	24
diverse teams	24
entrepreneurial spirit	24
excellent verbal	24
expert level	24
expression genetic	24
fortune 500	24
information retrieval	24
job family	24
job summary	24
llc job	24
massive amounts	24
object oriented	24
origin ancestry	24
professional expertise	24
related quantitative	24
status pregnancy	24
team environment	24
technology company	24
tools e.g	24
unique data	24
we’re building	24
engineering computer science	24
national origin ancestry	24
paid parental leave	24
scripting languages e.g	24
subject matter experts	24
2019	23
accounts	23
aligned	23
belief	23
breadth	23
channel	23
citi	23
coming	23
dive	23
emphasis	23
emr	23
entry	23
filtering	23
focusing	23
forefront	23
formal	23
funded	23
gaps	23
hospital	23
ibmers	23
increasing	23
incredible	23
innovator	23
intellectual	23
interviews	23
invent	23
measuring	23
minded	23
molecular	23
organized	23
owned	23
participates	23
pragmatic	23
prescriptive	23
prototyping	23
rate	23
region	23
response	23
rounded	23
rules	23
selling	23
shop	23
speech	23
strengths	23
studio	23
suited	23
talents	23
toughest	23
ups	23
vaccine	23
vast	23
vital	23
amazon.com services	23
build models	23
clinical trials	23
company amazon.com	23
competitive salary	23
continuous learning	23
data visualizations	23
degree preferred	23
development opportunities	23
development team	23
disability veteran	23
diverse array	23
driven insights	23
employment qualified	23
engineering statistics	23
experience experience	23
experience including	23
forward thinking	23
hiring process	23
information technology	23
interview process	23
leadership principles	23
learning frameworks	23
learning methods	23
logistic regression	23
modeling data	23
organization demonstrable	23
performance metrics	23
product design	23
qualifications master’s	23
reinforcement learning	23
required qualifications	23
science analytics	23
services llc	23
statistical learning	23
age sex sexual	23
amazon.com services llc	23
color religion age	23
communication skills ability	23
company amazon.com services	23
employment qualified applicants	23
llc job id	23
organization demonstrable track	23
origin age disability	23
services llc job	23
190	22
40	22
advantage	22
anomalies	22
availability	22
card	22
cognitive	22
convey	22
decades	22
definition	22
dimensionality	22
disease	22
dollars	22
easily	22
established	22
happen	22
head	22
hungry	22
ibmer	22
immigration	22
industry’s	22
label	22
low	22
minimal	22
org	22
perl	22
presence	22
prioritization	22
proactive	22
raw	22
reinventing	22
relations	22
remain	22
respond	22
sampling	22
scoring	22
speak	22
specialists	22
staffing	22
tangible	22
terabyte	22
tier	22
updates	22
wealth	22
workplaces	22
you’ve	22
ai services	22
analytical models	22
applied data	22
building machine	22
business results	22
business strategy	22
category protected	22
chicago il	22
clinical data	22
communicate results	22
company description	22
competitive benefits	22
complex technical	22
data architecture	22
data strategy	22
disparate data	22
frameworks e.g	22
health insurance	22
j.p morgan	22
key role	22
leading edge	22
learning experiences	22
origin protected	22
origin religion	22
product features	22
qualifications phd	22
related technical	22
research methods	22
science tools	22
short term	22
specific business	22
statistics engineering	22
strong understanding	22
time zone	22
building machine learning	22
data driven insights	22
data science tools	22
national origin protected	22
national origin religion	22
orientation age marital	22
origin protected veteran	22
statistics applied mathematics	22
16	21
abuse	21
accomplish	21
anticipate	21
assign	21
batch	21
behalf	21
beliefs	21
blend	21
box	21
client’s	21
conclusions	21
connection	21
consisting	21
coordinate	21
cv	21
dakota	21
dataset	21
deal	21
dependent	21
describe	21
disciplinary	21
eligibility	21
employ	21
entity	21
evolution	21
exclusive	21
extremely	21
eye	21
firm's	21
forest	21
generated	21
genuine	21
geographic	21
guidelines	21
ibm’s	21
identification	21
innovating	21
inspire	21
invention	21
inventory	21
involve	21
logic	21
maine	21
merchandising	21
owner	21
perfect	21
prohibited	21
quantum	21
ranging	21
regressions	21
represented	21
sample	21
shift	21
sigma	21
smarter	21
speaking	21
spring	21
statements	21
supplement	21
tables	21
touch	21
washington	21
west	21
2 3	21
age sexual	21
analytics data	21
classification regression	21
cvs health	21
data assets	21
data preparation	21
data wrangling	21
develop innovative	21
digital marketing	21
disability genetic	21
diverse environment	21
engineering data	21
essential functions	21
evidence based	21
improve outcomes	21
individual contributor	21
key stakeholders	21
leading global	21
learning ai	21
learning platform	21
minimum salary	21
online data	21
origin genetics	21
product analytics	21
python experience	21
python java	21
qualified individuals	21
race ethnicity	21
related fields	21
science physics	21
seattle wa	21
sql experience	21
statistical analyses	21
statistics data	21
statistics operations	21
tableau looker	21
we’d love	21
age sexual orientation	21
equivalent practical experience	21
gender expression age	21
national origin genetics	21
origin disability protected	21
religion age sex	21
statistics operations research	21
2022	20
accountable	20
allowance	20
approachable	20
architects	20
buy	20
covered	20
creator	20
criteria	20
dc	20
device	20
empirical	20
enhancements	20
fanduel	20
fieldexperience	20
fostering	20
foundations	20
fuel	20
happiness	20
hawaii	20
hub	20
identified	20
included	20
input	20
kroger	20
labs	20
larger	20
m.s	20
mapping	20
messaging	20
peers	20
performs	20
personally	20
professionally	20
profitable	20
propensity	20
pursuit	20
reasons	20
red	20
reinforced	20
requisition	20
reviewed	20
revolutionizing	20
rewarding	20
salesforce.com	20
salesforce.org	20
secondary	20
secure	20
seo	20
session	20
skillsability	20
solvers	20
stipend	20
streams	20
targeting	20
tax	20
technically	20
title	20
transparent	20
varied	20
warehousing	20
wellbeing	20
win	20
workday	20
you’d	20
accredited college	20
actionable recommendations	20
applicants form	20
applied statistics	20
benefit offerings	20
broad range	20
business opportunities	20
career development	20
code reviews	20
collaboration skills	20
collaborative environment	20
complex analytical	20
data platforms	20
data solutions	20
decision makers	20
effectively communicate	20
employee led	20
employee resource	20
employment practices	20
experience leading	20
ey teams	20
financial data	20
google's eeo	20
graduate degree	20
improve business	20
including race	20
industry trends	20
innovative benefit	20
learning libraries	20
level knowledge	20
mission critical	20
party data	20
products services	20
purpose built	20
random forest	20
research projects	20
results oriented	20
science economics	20
software developers	20
status citizenship	20
status marital	20
technology team	20
unsupervised learning	20
world’s largest	20
york life	20
data scientists engineers	20
deep learning models	20
google's eeo policy	20
junior data scientists	20
machine learning methods	20
preferred qualifications experience	20
qualifications master’s degree	20
15	19
60	19
advancing	19
alaska	19
amazecon	19
americas	19
aptitude	19
architectures	19
austin	19
bold	19
boston	19
chapters	19
cities	19
collaborates	19
comfort	19
command	19
company's	19
comprised	19
compute	19
confident	19
crafting	19
curation	19
diabetes	19
disclosure	19
dream	19
embraced	19
equitable	19
exchange	19
extend	19
farmers	19
feed	19
fosters	19
grade	19
gtm	19
heavily	19
impressions	19
informal	19
institutional	19
internally	19
intuition	19
linked	19
logistics	19
measures	19
medicines	19
monetization	19
obligations	19
operates	19
paired	19
php	19
pivotal	19
portal	19
profit	19
proposals	19
protect	19
puerto	19
raised	19
realize	19
recruiter	19
reducing	19
representing	19
retraining	19
rico	19
roi	19
significantly	19
spans	19
storytelling	19
striking	19
supervision	19
surface	19
thinker	19
topic	19
transportation	19
unix	19
update	19
vermont	19
visible	19
weekly	19
xgboost	19
190 chapters	19
advanced technology	19
age national	19
amazecon gender	19
analytics projects	19
applying statistical	19
aws azure	19
based solutions	19
business audiences	19
business development	19
chapters globally	19
consulting team	19
dakota vermont	19
data systems	19
develop models	19
development process	19
digital transformation	19
diversity conferences	19
diving deep	19
earn trust	19
employer committed	19
engineering experience	19
engineering mathematics	19
enjoy competitive	19
ethnicity core	19
experience preferred	19
experiences including	19
family care	19
gender diversity	19
hadoop hive	19
hawaii maine	19
host annual	19
identity expression	19
inclusive team	19
led affinity	19
leveraging advanced	19
manage multiple	19
marketing teams	19
model performance	19
north dakota	19
ongoing learning	19
online platform	19
paid holidays	19
predictive technology	19
professional life	19
puerto rico	19
qualifications 5	19
recommendation systems	19
regression analysis	19
research data	19
research scientist	19
science techniques	19
scripting language	19
share results	19
shopping experience	19
status medical	19
tensorflow pytorch	19
thoughtful approach	19
vermont west	19
video game	19
west virginia	19
wide array	19
190 chapters globally	19
age national origin	19
amazecon gender diversity	19
dakota vermont west	19
data science analytics	19
data science techniques	19
disability genetic information	19
employee led affinity	19
gender diversity conferences	19
gender identity expression	19
innovative benefit offerings	19
learning experiences including	19
ongoing learning experiences	19
quantitative field e.g	19
status medical condition	19
vermont west virginia	19
0	18
2x	18
advise	18
affiliation	18
agility	18
ahead	18
auction	18
balancing	18
bleacher	18
blog	18
breaking	18
broadly	18
buying	18
calls	18
clicks	18
comscore	18
constraints	18
contingent	18
contribution	18
cultural	18
danaher	18
dashboard	18
designated	18
display	18
distill	18
dow	18
efficacy	18
equipment	18
expansion	18
explaining	18
express	18
format	18
fulfilling	18
functionality	18
granted	18
graphs	18
happening	18
hill	18
historical	18
hold	18
holistic	18
homes	18
i:a	18
ii	18
indicators	18
inspired	18
introduction	18
jones	18
lake	18
lasting	18
leaves	18
lessons	18
letter	18
ma	18
map	18
matplotlib	18
medium	18
mountain	18
nltk	18
numerous	18
openings	18
operationalize	18
optimized	18
pandemic	18
parametric	18
posted	18
powerbi	18
preference	18
proper	18
properties	18
publishers	18
purposes	18
reduction	18
reflects	18
rely	18
semi	18
sending	18
shiny	18
signals	18
sit	18
spending	18
spotify’s	18
svm	18
talk	18
timelines	18
truth	18
understands	18
vendor	18
12 weeks	18
3 5	18
advanced analytical	18
age veteran	18
ai driven	18
analysis modeling	18
apply data	18
business challenges	18
clinical trial	18
cloud platform	18
cloud platforms	18
communications skills	18
company amazon	18
company’s obligations	18
creative solutions	18
customer success	18
data cleaning	18
data product	18
data warehousing	18
derive business	18
design develop	18
design development	18
develop data	18
digital lighthouse	18
dow jones	18
employer paid	18
entire organization	18
exciting opportunity	18
financial institutions	18
fraud detection	18
health dental	18
identify trends	18
innovative company	18
intelligence ai	18
internal external	18
leading provider	18
learning based	18
learning engineers	18
learning ml	18
learning science	18
learning statistical	18
market intelligence	18
marketing analytics	18
microsoft azure	18
mobile apps	18
modeling processes	18
mountain view	18
origin citizenship	18
physics engineering	18
projects based	18
provide insights	18
qualification experience	18
reach students	18
relational database	18
remind team	18
responsibilities apply	18
scale distributed	18
science experience	18
skill set	18
spark hadoop	18
statistics physics	18
structured data	18
team culture	18
total rewards	18
typically 7	18
understand business	18
utilization management	18
world we’re	18
writing code	18
writing sql	18
advanced statistical techniques	18
age veteran status	18
artificial intelligence ai	18
computer science physics	18
e.g sql python	18
expert level knowledge	18
expression genetic information	18
languages e.g python	18
machine learning engineers	18
machine learning statistical	18
mathematics statistics computer	18
national origin citizenship	18
sex gender identity	18
2008	17
2018	17
accessibility	17
achieving	17
actual	17
adtech	17
advantages	17
advice	17
affect	17
affordable	17
analysis.you	17
answered	17
assignments	17
athena	17
automating	17
ba	17
backwards	17
believes	17
bright	17
casual	17
clarity	17
classes.instant	17
cluster	17
copy	17
definitions	17
delaware	17
demands	17
design.large	17
desirable	17
directed	17
elasticsearch	17
empathy	17
epidemiology	17
etc.experience	17
experience.small	17
experience.vt	17
focus.we	17
forecasts	17
found	17
generations	17
grown	17
half	17
hampshire	17
headquarters	17
homeschooling	17
hyper	17
identifies	17
inspiring	17
invite	17
invoice	17
issue	17
lab	17
launching	17
mandate	17
measurable	17
message	17
messy	17
methodological	17
mid	17
minds	17
mongodb	17
mxnet	17
nationwide	17
nyse	17
original	17
personality.you	17
persons	17
platform.students	17
plays	17
pollen	17
premium	17
prepared	17
pressure	17
receiving	17
recommender	17
repeatable	17
resolution	17
safer	17
schedule.get	17
segment	17
skillsexperience	17
snacks	17
sociology	17
specialist	17
specialty	17
strategists	17
stream	17
streamline	17
tenures	17
time.school	17
unleash	17
usable	17
want.set	17
week.choose	17
windows	17
25 30	17
30 students	17
7 9	17
9 students	17
accept subject	17
ad impressions	17
adaptive assessments	17
alaska california	17
amazon’s culture	17
analysis tutors	17
analytical methods	17
analytics engineering	17
applied scientists	17
approachable personality.you	17
assign projects	17
bachelors degree	17
benefits including	17
broad mix	17
built live	17
business issues	17
business operations	17
business understanding	17
california delaware	17
capital markets	17
celebrate diversity	17
celebrates knowledge	17
classes meet	17
classes share	17
classes teach	17
classes.instant tutoring	17
clients tutor	17
collaborative learning	17
collect payment	17
competitive rates	17
complex tasks	17
conferences amazon’s	17
customer centric	17
data analysis.you	17
data building	17
data including	17
data integration	17
data manipulation	17
data scripting	17
data tools	17
decision support	17
delaware hawaii	17
deliver business	17
deliver professional	17
demand tutoring	17
design.large live	17
developing data	17
development teams	17
disability sexual	17
diverse backgrounds	17
diversity equity	17
domain experts	17
edge technology	17
engineering product	17
experience levels	17
experience performing	17
experience.vt classes	17
focus.we collect	17
friendly approachable	17
game design.large	17
global enterprises	17
global market	17
hadoop spark	17
hampshire north	17
home provide	17
homeschooling parents	17
individual student	17
individual students	17
key data	17
kpmg lighthouse	17
largest global	17
learning experience.small	17
learning experience.vt	17
learning platform.students	17
live classes	17
live learning	17
management team	17
marketing sales	17
matching students	17
math fundamentals	17
model training	17
money choose	17
note varsity	17
online i.e	17
operations team	17
paid 2x	17
people learn	17
personalize lessons	17
perspectives learn	17
platform 1	17
platform enjoy	17
potential clients	17
pregnancy sexual	17
privacy notice	17
product decisions	17
projects including	17
regression classification	17
scala java	17
scalable data	17
schedule.get paired	17
school time	17
science models	17
science teams	17
seek diverse	17
skills knowledge	17
student discover	17
students hungry	17
subject specific	17
teaching style	17
technology ai	17
term growth	17
text analytics	17
time.school home	17
tutor online	17
tutoring accept	17
tutoring connect	17
tutoring individual	17
tutoring sessions	17
understand customer	17
ux research	17
we’re committed	17
25 30 students	17
7 9 students	17
accept subject specific	17
advanced technology ai	17
alaska california delaware	17
applied data science	17
assign projects based	17
built live learning	17
california delaware hawaii	17
celebrates knowledge sharing	17
classes.instant tutoring accept	17
clients tutor online	17
collaborative learning experience.vt	17
conferences amazon’s culture	17
data analysis tutors	17
data science data	17
data science experience	17
data science models	17
data science teams	17
data scripting languages	17
delaware hawaii maine	17
deliver professional services	17
demand tutoring sessions	17
design.large live classes	17
disability sexual orientation	17
disability veteran status	17
diverse perspectives learn	17
diversity conferences amazon’s	17
enjoy competitive rates	17
experience.vt classes teach	17
focus.we collect payment	17
friendly approachable personality.you	17
game design.large live	17
hampshire north dakota	17
home provide support	17
learning experience.vt classes	17
leveraging advanced technology	17
live classes share	17
live learning platform.students	17
machine learning based	17
machine learning frameworks	17
machine learning ml	17
north dakota vermont	17
note varsity tutors	17
online data analysis	17
online platform 1	17
online tutoring connect	17
online tutoring individual	17
personalized learning experience.small	17
platform enjoy competitive	17
potential clients tutor	17
pregnancy sexual orientation	17
programming languages e.g	17
purpose built live	17
seek diverse perspectives	17
statistics data science	17
status citizenship status	17
time.school home provide	17
tutor online i.e	17
tutoring accept subject	17
tutoring individual students	17
typically 7 9	17
video game design.large	17
150	16
1b	16
advisory	16
affiliate	16
alignment	16
ambition	16
android	16
arrangements	16
authenticity	16
boosting	16
c3	16
cash	16
charge	16
clinicians	16
coda	16
combined	16
conference	16
configuration	16
conversion	16
coordinating	16
corporation	16
debugging	16
determined	16
difficult	16
dig	16
discuss	16
diseases	16
documented	16
drift	16
educate	16
employing	16
esg	16
europe	16
experienceexperience	16
factor	16
fight	16
final	16
focuses	16
forests	16
forever	16
frame	16
frequent	16
gartner	16
guiding	16
harmony	16
ideation	16
impacts	16
incorporate	16
ingest	16
integral	16
intended	16
involving	16
jersey	16
journals	16
komodo	16
leverages	16
loyalty	16
majority	16
materials	16
maximum	16
merit	16
offline	16
people’s	16
personnel	16
pig	16
price	16
productive	16
proudly	16
quantities	16
reality	16
searching	16
served	16
shoppers	16
siemens	16
siriusxm	16
sourcing	16
span	16
sparkml	16
spss	16
stand	16
subsidiaries	16
supportive	16
survival	16
tailored	16
textnow	16
tree	16
troubleshoot	16
uk	16
unable	16
valuation	16
accept unsolicited	16
accommodation due	16
advanced machine	16
advertising products	16
ai data	16
analytical solutions	16
applied research	16
audio streaming	16
aws cloud	16
aws customers	16
bleacher report	16
building ml	16
building models	16
building validating	16
business solutions	16
class products	16
color creed	16
complete data	16
complex datasets	16
complex issues	16
consulting firm	16
data analyses	16
data experience	16
data integrity	16
degree required	16
deliver billions	16
develop machine	16
developing deep	16
development lifecycle	16
discover hidden	16
diverse workforce	16
email address	16
engineering skills	16
enjoys diving	16
excellent written	16
experience 2	16
exploring data	16
expression national	16
external vendors	16
fast moving	16
fresh ground	16
growing company	16
health plans	16
healthy balance	16
human resources	16
including understanding	16
information science	16
internal data	16
key performance	16
learning artificial	16
learning deep	16
learning natural	16
learning systems	16
leverage data	16
life harmony	16
major responsibilities	16
management data	16
mathematics economics	16
mentorship career	16
microsoft office	16
military experience	16
million people	16
million users	16
ms degree	16
multiple sources	16
north america	16
ny usa	16
pandas numpy	16
partner closely	16
political affiliation	16
production level	16
production ready	16
quality data	16
relevant industry	16
required experience	16
salary range	16
science ai	16
science technology	16
services aws	16
solving business	16
statistical concepts	16
statistical software	16
strategic initiatives	16
subscription service	16
tools experience	16
tools tableau	16
vacation policy	16
advanced machine learning	16
basic qualifications bachelor’s	16
competitive compensation package	16
data science ai	16
expression age status	16
expression national origin	16
learning deep learning	16
learning natural language	16
mentorship career growth	16
modeling data science	16
preferred qualifications master’s	16
science mathematics statistics	16
status marital status	16
york ny usa	16
aggregating	15
aims	15
assisting	15
aware	15
b.s	15
b2b	15
band	15
blockchain	15
breakthrough	15
buyers	15
cdsai	15
champion	15
churn	15
circumstances	15
climate	15
codebase	15
cognizant	15
conceptual	15
concerns	15
connections	15
consistency	15
continues	15
contributions	15
cs	15
cultures	15
defines	15
delight	15
deloitte	15
discount	15
documenting	15
dropbox	15
encounter	15
establishing	15
exist	15
feeds	15
frontend	15
games	15
gap	15
hand	15
happy	15
healthfirst.org	15
immediately	15
improved	15
integrations	15
interfaces	15
intermediate	15
items	15
keen	15
lay	15
levers	15
listens	15
llp	15
log	15
loves	15
mail	15
manages	15
mediaocean	15
mlops	15
moments	15
movement	15
normalize	15
objective	15
owning	15
papers	15
participating	15
permanent	15
phases	15
players	15
plusexperience	15
podcasts	15
possibilities	15
potentially	15
powers	15
previously	15
pursuing	15
ranked	15
reasoning	15
reflect	15
registered	15
relying	15
reproducibility	15
researching	15
residents	15
restricted	15
routine	15
seamlessly	15
selected	15
semantic	15
servers	15
sits	15
sounds	15
stochastic	15
superior	15
suppliers	15
synapse	15
technological	15
theoretical	15
therapy	15
thumbtack	15
tuition	15
uber	15
underwriting	15
verification	15
1 2	15
12 months	15
accommodation requests	15
analytics experience	15
ancestry citizenship	15
apply statistical	15
applying advanced	15
applying machine	15
asset management	15
aws ai	15
azure ml	15
break fresh	15
building statistical	15
business decision	15
c3 ai	15
classification clustering	15
client engagement	15
cloud technologies	15
college university	15
color sex	15
critical business	15
critical data	15
data exploring	15
data ingestion	15
data technology	15
data transformation	15
delivery model	15
demand forecasting	15
deploying completed	15
deploying models	15
design data	15
disability marital	15
drive product	15
driven decisions	15
e.g statistics	15
economics statistics	15
entry level	15
equivalent professional	15
external customers	15
fair employment	15
flexible schedule	15
francisco ca	15
functional stakeholders	15
global leader	15
google analytics	15
hidden patterns	15
human creativity	15
insurance industry	15
internal teams	15
it’s time	15
job functions	15
job responsibilities	15
lay audiences	15
learning theory	15
manipulate data	15
marketplace businesses	15
meaningful change	15
meet business	15
mining techniques	15
mission driven	15
ml platforms	15
multi disciplinary	15
numpy scipy	15
paid medical	15
prediction engine	15
pregnancy disability	15
product data	15
proven track	15
qualifications 2	15
qualifications 3	15
qualifications minimum	15
related discipline	15
research findings	15
responsibilities develop	15
role requires	15
scientists data	15
senior leadership	15
size datasets	15
skills proven	15
software developer	15
spring health	15
status military	15
stay connected	15
support business	15
team you’ll	15
technical capabilities	15
techniques e.g	15
term disability	15
validating predictive	15
accredited college university	15
applying machine learning	15
basic qualifications bachelor's	15
break fresh ground	15
building ml models	15
complex business questions	15
computer science economics	15
data driven decisions	15
data exploring data	15
data mining techniques	15
data modeling processes	15
data science statistics	15
develop machine learning	15
disability age veteran	15
disability marital status	15
global market intelligence	15
inclusive team culture	15
machine learning ai	15
machine learning deep	15
machine learning experience	15
major responsibilities include	15
opportunity employer committed	15
predictive modeling data	15
proven track record	15
san francisco ca	15
validating predictive models	15
web services aws	15
345	14
5g	14
abreast	14
acceptance	14
administrative	14
allowing	14
amplified	14
appropriately	14
approved	14
attend	14
attribute	14
auto	14
biostatistics	14
budget	14
carry	14
challenged	14
collecting	14
commuter	14
concrete	14
confidential	14
consult	14
contributes	14
coordination	14
critically	14
cultivate	14
cybersecurity	14
dashboarding	14
dedication	14
deriving	14
desk	14
developments	14
discrete	14
discriminated	14
distributions	14
dna	14
doordash	14
dots	14
eastern	14
eisai	14
embraces	14
encourages	14
facebook’s	14
fees	14
formats	14
forms	14
freedom	14
fulfillment	14
gitlab	14
gpus	14
grid	14
hat	14
headphones	14
herman	14
implementations	14
independence	14
index	14
integrates	14
isn’t	14
journalism	14
lending	14
license	14
limits	14
maker	14
meaning	14
milestones	14
net	14
networking	14
nutrition	14
pain	14
pattern	14
pension	14
placement	14
podcasting	14
positively	14
powerhouse	14
powering	14
precision	14
preparing	14
profiling	14
qualify	14
react	14
recruiters	14
reddit’s	14
requiring	14
reserves	14
runs	14
seasoned	14
sensor	14
sentiment	14
spotfire	14
stability	14
stages	14
summarize	14
systematic	14
tested	14
thrilled	14
transformative	14
urgency	14
winter	14
1 3	14
19 vaccination	14
19 vaccine	14
345 million	14
aggregating data	14
ai strategy	14
analysis discovering	14
analysis methods	14
analyze extract	14
annual incentive	14
answer questions	14
apply ml	14
approaches including	14
assist customers	14
azure synapse	14
bachelors masters	14
background it’s	14
basis protected	14
broad knowledge	14
business technical	14
class advertising	14
coding skills	14
completed models	14
complex concepts	14
comprehensive benefits	14
concept drift	14
consulting experience	14
creative artists	14
credit risk	14
creed color	14
customer data	14
customer support	14
customers build	14
customers models	14
data governance	14
data informed	14
data set	14
data storage	14
datasets diving	14
deliver insights	14
develop ml	14
discovering root	14
drift monitoring	14
drive discovery	14
drive growth	14
driven solutions	14
e.g natural	14
e.g regression	14
effect relationships	14
emerging technologies	14
employer qualified	14
environment excellent	14
experience 3	14
experience advanced	14
experience handling	14
experience processing	14
experiment design	14
extract normalize	14
federal law	14
flexible vacation	14
fun helping	14
giving data	14
global data	14
global scale	14
handling terabyte	14
identify patterns	14
immigration status	14
including building	14
information visit	14
insurance company	14
investment banking	14
key product	14
label relevant	14
leadership development	14
leadership team	14
level data	14
leveraging data	14
linear models	14
listening forever	14
listens spotify	14
mathematical models	14
mathematics data	14
million creative	14
mining machine	14
ml ai	14
ml approaches	14
ml project	14
ml technology	14
model building	14
model selection	14
modeling machine	14
models algorithms	14
music listening	14
native advertising	14
office locations	14
optimization techniques	14
pandas scikit	14
personal experience	14
popular audio	14
position summary	14
preferred technical	14
principal data	14
privacy policy	14
processing computer	14
processing nlp	14
product owners	14
production systems	14
program managers	14
proven record	14
provided reasonable	14
providing equal	14
public conversation	14
python preferred	14
qualifications master's	14
quantum computing	14
red hat	14
regression clustering	14
related data	14
reporting tools	14
required technical	14
research design	14
research experience	14
revenue growth	14
role building	14
services e.g	14
skills preferred	14
solid understanding	14
solve real	14
spotify transformed	14
statistical machine	14
streaming subscription	14
strong ability	14
talented team	14
team builds	14
terabyte size	14
thrive contribute	14
transformed music	14
unit testing	14
unix linux	14
unsolicited resumes	14
varying levels	14
verbal written	14
view ca	14
what’s playing	14
world listens	14
345 million users	14
aggregating data exploring	14
analysis discovering root	14
analyze extract normalize	14
audio streaming subscription	14
aws ai services	14
building validating predictive	14
company amazon web	14
concept drift monitoring	14
cross functional stakeholders	14
data building validating	14
data scientists data	14
deliver business impact	14
deploying completed models	14
discover hidden patterns	14
e.g natural language	14
enjoys diving deep	14
experience developing deep	14
experience handling terabyte	14
exploring data building	14
fair employment practices	14
giving data driven	14
google cloud platform	14
handling terabyte size	14
language processing computer	14
language processing nlp	14
listens spotify transformed	14
marital status citizenship	14
marital status medical	14
million creative artists	14
mining machine learning	14
modeling machine learning	14
mountain view ca	14
music listening forever	14
popular audio streaming	14
preferred qualification experience	14
processing computer vision	14
providing equal employment	14
qualifications master's degree	14
scientist role building	14
size datasets diving	14
software development experience	14
spotify transformed music	14
statistical machine learning	14
statistics mathematics computer	14
status disability status	14
streaming subscription service	14
terabyte size datasets	14
transformed music listening	14
world class advertising	14
world class products	14
world listens spotify	14
2017	13
400	13
80	13
85,000	13
added	13
adding	13
advisor	13
afraid	13
air	13
algebra	13
americans	13
anticipated	13
authority	13
bachelor	13
baselined	13
beacon	13
beauty	13
billing	13
bluecore	13
bonding	13
calling	13
caring	13
chemistry	13
choices	13
cnn	13
collectively	13
competence	13
complies	13
comply	13
component	13
convert	13
customized	13
dallas	13
devise	13
duration	13
editorial	13
energetic	13
engaged	13
enhancing	13
enthusiastic	13
entrepreneurs	13
environmental	13
externally	13
fabric	13
fairness	13
familial	13
fan	13
flows	13
freshdirect	13
haves	13
hpc	13
inclusivity	13
incremental	13
individuality	13
inferentia	13
inputs	13
inquisitive	13
institution	13
instrumentation	13
investigations	13
kafka	13
learnings	13
library	13
linguistics	13
lottery	13
lower	13
mastery	13
matrix	13
maximizing	13
medidata	13
method	13
metric	13
miller	13
mitigate	13
multidisciplinary	13
mutual	13
nasdaq	13
notebooks	13
pandora	13
parallel	13
planet	13
predicting	13
premier	13
profitability	13
programmatic	13
prominent	13
promoting	13
protection	13
prototyped	13
prudential	13
pursue	13
quick	13
quora	13
ranks	13
ratings	13
recharge	13
redefine	13
release	13
repositories	13
represents	13
resilient	13
respectful	13
retain	13
reviewing	13
rows	13
schools	13
scratch	13
segments	13
sellers	13
shipping	13
skillset	13
spacy	13
specialization	13
steps	13
tactical	13
talking	13
telematics	13
thirteen	13
tight	13
tooling	13
treatment	13
varo	13
viable	13
vigorously	13
warner	13
16 leadership	13
85,000 employees	13
advocate technical	13
age ancestry	13
age race	13
agile development	13
ai enablement	13
ai including	13
algorithm development	13
analytical results	13
analytics platform	13
angeles fair	13
application development	13
applying predictive	13
aws inferentia	13
aws sagemaker	13
banking financial	13
baselined data	13
beacon hill	13
benefits perks	13
benefits program	13
bonus equity	13
broad mandate	13
build predictive	13
build trust	13
business metrics	13
business process	13
chain data	13
client locations	13
clustering decision	13
command line	13
communicate findings	13
communicate technical	13
company match	13
company wide	13
computer engineering	13
conferences deep	13
contact information	13
cover letter	13
create data	13
create world	13
creatively strategically	13
creed religion	13
customer locations	13
customer retention	13
customer trust	13
customers organization	13
data iot	13
data querying	13
deeper understanding	13
delivery methods	13
dental insurance	13
deploying ml	13
design build	13
design patterns	13
develop strategic	13
disabled veterans	13
distributed workforce	13
driven presentations	13
e.g mxnet	13
e.g personalize	13
encounter data	13
engagement teams	13
engagements include	13
engineering business	13
enterprises build	13
enterprises derive	13
environment amazon	13
equal pay	13
equity benefits	13
ethical ai	13
etl data	13
existing solutions	13
experience 5	13
experience coding	13
expert knowledge	13
explain complex	13
exploratory analysis	13
external stakeholders	13
familial status	13
fields e.g	13
financial technology	13
genetics pregnancy	13
government agencies	13
hardware optimizations	13
harmony striking	13
herman miller	13
highly focused	13
highly skilled	13
historical data	13
hybrid delivery	13
ibm cloud	13
improve data	13
include assist	13
include remote	13
include travel	13
including hardware	13
inclusive employee	13
industrial engineering	13
informed decisions	13
intelligence data	13
intelligence tools	13
investment management	13
iot hpc	13
knowledge skills	13
language e.g	13
leaders start	13
learning model	13
learning pipelines	13
learning statistics	13
linear algebra	13
market research	13
mental healthcare	13
merchant services	13
ml engineer	13
ml excited	13
ml fields	13
ml journals	13
model project	13
models eager	13
models including	13
models research	13
models we’d	13
ms phd	13
multiple data	13
mxnet tensorflow	13
nosql databases	13
obsessed organization	13
onsite engagement	13
operationalize customers	13
organization leaders	13
origin veteran	13
personal data	13
personalize ml	13
platforms sagemaker	13
presentations preferred	13
process data	13
processes ability	13
product marketing	13
project engagements	13
protected characteristic	13
python perl	13
pytorch sparkml	13
quantitative fields	13
reaching 85,000	13
real impact	13
recognized ml	13
recommendations based	13
relationships publications	13
remote delivery	13
reproducibility experience	13
request accommodation	13
responsibilities design	13
rounded professional	13
science organization	13
senior associate	13
services consultants	13
services engineers	13
skills consulting	13
solutions aws	13
sparkml scikit	13
sql queries	13
sql server	13
startup environment	13
statistical programming	13
statistics experience	13
strategic baselined	13
strong data	13
strong expertise	13
supervised learning	13
support data	13
survival analysis	13
systems e.g	13
talented data	13
talented people	13
technical audience	13
technical stakeholders	13
term solutions	13
text mining	13
thirteen employee	13
tools writing	13
unique challenges	13
unique consulting	13
vision statistical	13
visualization techniques	13
what’s happening	13
wide spectrum	13
workforce enabling	13
world advantages	13
world's largest	13
world’s ai	13
16 leadership principles	13
advocate technical solutions	13
ai including building	13
ai ml technology	13
ai services e.g	13
ai solutions aws	13
angeles fair chance	13
applying predictive technology	13
approaches including hardware	13
baselined data modeling	13
business intelligence tools	13
color creed religion	13
computer vision statistical	13
conferences deep technical	13
covid 19 vaccination	13
covid 19 vaccine	13
create world class	13
customer obsessed organization	13
customers build ml	13
customers organization demonstrable	13
cutting edge technology	13
data driven presentations	13
data iot hpc	13
data mining machine	13
delivery model project	13
deploying ml models	13
develop ml models	13
develop models experience	13
develop strategic baselined	13
developing deep learning	13
driven presentations preferred	13
dynamic environment amazon	13
e.g mxnet tensorflow	13
e.g personalize ml	13
effect relationships publications	13
employment opportunity employer	13
engagements include remote	13
enterprises build ml	13
enterprises derive business	13
experience writing code	13
fields e.g natural	13
frameworks e.g mxnet	13
genetics pregnancy disability	13
global enterprises derive	13
hybrid delivery model	13
include assist customers	13
include remote delivery	13
including building ml	13
including hardware optimizations	13
label relevant data	13
largest global enterprises	13
learning ml excited	13
learning models experience	13
life harmony striking	13
los angeles fair	13
machine learning libraries	13
machine learning pipelines	13
machine learning statistics	13
math statistics computer	13
military experience experience	13
ml approaches including	13
ml fields e.g	13
ml models eager	13
ml models research	13
ml models we’d	13
ml platforms sagemaker	13
model project engagements	13
modeling processes ability	13
mxnet tensorflow pytorch	13
national origin veteran	13
obsessed organization leaders	13
operationalize customers models	13
organization leaders start	13
origin genetics pregnancy	13
pandas scikit learn	13
personalize ml platforms	13
pregnancy disability age	13
presentations preferred qualifications	13
professional services consultants	13
professional services engineers	13
project engagements include	13
pytorch sparkml scikit	13
reaching 85,000 employees	13
real world advantages	13
recognized ml journals	13
remote delivery methods	13
reproducibility experience handling	13
responsibilities include assist	13
services e.g personalize	13
skills consulting experience	13
solutions aws professional	13
solve complex business	13
solve real world	13
sparkml scikit learn	13
statistical learning theory	13
strategic baselined data	13
supply chain data	13
technical skills consulting	13
tensorflow pytorch sparkml	13
thirteen employee led	13
tools writing sql	13
unique consulting team	13
veteran status pregnancy	13
veteran status sexual	13
vision statistical learning	13
visualization tools writing	13
world’s ai ml	13
160	12
3rd	12
aa	12
absence	12
advocating	12
alpha	12
amplitude	12
annie	12
appeals	12
approval	12
ar	12
artifacts	12
baselines	12
beneficial	12
breaks	12
brilliant	12
ch	12
checks	12
classifiers	12
coach	12
commission	12
communicates	12
competency	12
competing	12
completely	12
confidently	12
constant	12
consultancy	12
contributors	12
corporations	12
correct	12
cotiviti	12
counting	12
curate	12
debug	12
decade	12
deepen	12
dependents	12
dollar	12
door	12
dress	12
ecosystems	12
edb	12
educators	12
efficiencies	12
embracing	12
enduring	12
era	12
evolent	12
excitement	12
extended	12
extraordinary	12
favorite	12
files	12
finally	12
fixes	12
frequency	12
frequently	12
gained	12
gaming	12
governments	12
helpful	12
ibm's	12
implements	12
income	12
increased	12
ingenuity	12
instrumental	12
interacting	12
investigate	12
invision	12
iterative	12
julia	12
lilly	12
listeners	12
logical	12
lunch	12
manual	12
maps	12
mine	12
mlflow	12
onepeloton.com	12
pagerduty	12
pass	12
paths	12
patreon	12
pc	12
pega	12
performant	12
pet	12
physician	12
population	12
posters	12
postgresql	12
prefer	12
pressing	12
privileges	12
protecting	12
qa	12
quo	12
radically	12
realtor.com	12
recently	12
regularly	12
relates	12
relentless	12
remediation	12
renters	12
representation	12
req	12
revolutionize	12
scalability	12
scoping	12
seekers	12
seniors	12
simultaneously	12
specification	12
stocked	12
stop	12
strives	12
submission	12
suitable	12
summarization	12
sustainability	12
systematically	12
team's	12
telling	12
textual	12
there’s	12
tiger	12
trained	12
trend	12
tune	12
undergraduate	12
unprecedented	12
veeva	12
vehicle	12
versioning	12
websites	12
workshops	12
zones	12
zoom	12
2 5	12
500 companies	12
actionable business	12
address business	12
advanced knowledge	12
analysts data	12
analytical capabilities	12
app annie	12
appeals process	12
associate data	12
austin tx	12
bigfoot biomedical	12
build machine	12
business environment	12
business owners	12
business strategies	12
client facing	12
clients navigate	12
cloud data	12
clustering classification	12
collaborate closely	12
company benefits	12
company overview	12
comprehensive medical	12
consulting services	12
core values	12
data applications	12
data discovery	12
data ecosystem	12
data extraction	12
deep dive	12
deeply understand	12
depth understanding	12
description amazon	12
description twitter	12
design research	12
desired skills	12
digital solutions	12
disability medical	12
drive innovation	12
driven approach	12
e.g computer	12
eastern standard	12
education experience	12
employers qualified	12
employment decisions	12
excel powerpoint	12
experience it’s	12
experience managing	12
fortune 50	12
gender including	12
generous paid	12
generous vacation	12
google data	12
growing data	12
healthcare experience	12
highly complex	12
home office	12
human condition	12
hybrid cloud	12
hyper growth	12
identify business	12
including expert	12
industry data	12
innovative companies	12
innovative culture	12
innovative financial	12
intellectual property	12
investing heavily	12
issues facing	12
job seekers	12
key metrics	12
learning you’ll	12
manage data	12
management experience	12
management services	12
management systems	12
manner consistent	12
marketing strategy	12
matlab 4	12
methods statistical	12
mixed methods	12
modern data	12
motivated collaborative	12
organizational skills	12
package includes	12
patient care	12
peer reviewed	12
performing data	12
phone calls	12
physics computer	12
platform team	12
predictive modelling	12
previous experience	12
primary location	12
process improvement	12
processing filtering	12
product metrics	12
professional growth	12
program consisting	12
prototyped basic	12
proven experience	12
provide guidance	12
quality assurance	12
quantitative data	12
quantitative disciplines	12
quantitative methods	12
random forests	12
recommender systems	12
religion creed	12
revenue management	12
rigorous data	12
scientists product	12
significant experience	12
solutions inclusive	12
solving ability	12
sophisticated user	12
sql nosql	12
sql skills	12
statistical inference	12
status ancestry	12
status gender	12
status quo	12
strategic direction	12
strategic partner	12
strategic thinking	12
strong experience	12
strong verbal	12
support eligible	12
system performance	12
talent acquisition	12
team building	12
tech consulting	12
technical data	12
technical information	12
technical issues	12
technical knowledge	12
technical teams	12
techniques including	12
technology innovator	12
technology organization	12
technology platform	12
time type	12
toughest challenges	12
travel requirements	12
tv platform	12
user base	12
user centered	12
user experiences	12
user research	12
vacation time	12
vision insurance	12
washington dc	12
world data	12
world’s leading	12
write code	12
you’ll develop	12
applied mathematics statistics	12
azure data scientist	12
build machine learning	12
class advertising business	12
client engagement teams	12
competitive benefits program	12
data science organization	12
disability medical condition	12
distributed workforce enabling	12
e.g computer science	12
experience processing filtering	12
fortune 500 companies	12
gender including pregnancy	12
learning artificial intelligence	12
machine learning model	12
mathematics data science	12
prototyped basic qualifications	12
provided reasonable accommodation	12
real world data	12
related technical field	12
science data science	12
science statistics applied	12
scientists data engineers	12
solutions inclusive team	12
status military status	12
support eligible employees	12
term solutions inclusive	12
time management skills	12
14	11
1911	11
2012	11
2016	11
70	11
ab	11
academics	11
accelerating	11
activity	11
addressing	11
adept	11
adopter	11
aggregate	11
allocation	11
alter	11
amend	11
assessing	11
attract	11
backbone	11
bigger	11
biopharma	11
budgets	11
burden	11
celebration	11
ceo	11
charitable	11
child	11
circleci	11
citizen	11
civil	11
collaborations	11
commensurate	11
comparable	11
considerations	11
consultative	11
consumption	11
container	11
counseling	11
ds	11
ehr	11
employed	11
energized	11
enhanced	11
eoe	11
epc	11
evgo	11
examine	11
exists	11
facilities	11
feels	11
file	11
financing	11
fine	11
fundamentally	11
gateway	11
geographies	11
gopuff	11
grounded	11
grubhub	11
guarantee	11
hci	11
health.financial	11
heard	11
held	11
hellofresh	11
heor	11
holdings	11
honest	11
iconic	11
importantly	11
incorporating	11
inquiries	11
interns	11
iteratively	11
juggle	11
kitchens	11
lambda	11
learner	11
lens	11
life's	11
literature	11
loved	11
loving	11
maintainable	11
material	11
meets	11
messages	11
meta	11
metro	11
milestone	11
mllib	11
mobility	11
moment	11
na	11
nation’s	11
nets	11
nlu	11
nyu	11
offs	11
ordinances	11
participation	11
percent	11
pfizer	11
pharma	11
phase	11
populations	11
premise	11
premiums	11
prospective	11
provisioning	11
pull	11
ranges	11
rare	11
rds	11
relation	11
relocation	11
retrieve	11
rtr	11
seaborn	11
sensitive	11
settings	11
sf	11
solely	11
stats	11
staying	11
straightforward	11
street	11
synctera	11
targeted	11
television	11
tens	11
therapeutic	11
timeline	11
timeliness	11
trillions	11
trustworthy	11
twitter’s	11
typical	11
universities	11
utilizes	11
variable	11
variate	11
warehouses	11
100 million	11
150 countries	11
401k match	11
50 companies	11
age mental	11
agency resumes	11
agile team	11
amazon advertising	11
america’s department	11
american family	11
americas region	11
analysis skills	11
analysis techniques	11
analysis tools	11
analytical data	11
analytical tools	11
analytics ai	11
application procedures	11
applied machine	11
banking consumer	11
basic data	11
bi tools	11
biggest technology	11
bs ms	11
business analysis	11
business functions	11
business society	11
care options	11
career opportunities	11
chain operations	11
change starts	11
characteristics ibm	11
clicks daily	11
client service	11
clients people	11
cloud environment	11
code python	11
code review	11
commercial banking	11
communicate effectively	11
companies relying	11
comprehensive compensation	11
comprehensive health	11
condition bringing	11
consulting employers	11
consumer products	11
core product	11
corporate organizations	11
customer focused	11
customer service	11
data centric	11
data environment	11
data lake	11
data model	11
data reporting	11
data warehouses	11
databases sql	11
department store	11
develop creative	11
develop predictive	11
develop solutions	11
develop statistical	11
developing machine	11
digital analytics	11
direct impact	11
directly linked	11
disability insurance	11
diversity inclusion	11
drive key	11
driven models	11
duties responsibilities	11
economics physics	11
employer disability	11
equivalent combination	11
essential job	11
exciting time	11
executive level	11
experience implementing	11
field preferred	11
financial transaction	11
formal education	11
fun loving	11
global team	11
growth opportunities	11
health.financial programs	11
ibm ibm	11
ibm ibm’s	11
ibm offers	11
includes medical	11
including sql	11
industry standards	11
inform product	11
information management	11
innovative technologies	11
insights team	11
insurance retirement	11
intelligence quantum	11
intelligence reason	11
job type	11
language python	11
largest corporate	11
laws regulations	11
learning modeling	11
leave family	11
life ibm	11
linear regression	11
linux environment	11
location statement	11
loving team	11
managers designers	11
manipulating data	11
marketing data	11
math data	11
mathematics engineering	11
medical care	11
microsoft excel	11
modeling experience	11
multiple stakeholders	11
multiple tasks	11
national grid	11
numpy pandas	11
optimization algorithms	11
oriented design	11
paced dynamic	11
paid life	11
parental bonding	11
pattern recognition	11
perform data	11
performance indicators	11
ph.d degree	11
physical health.financial	11
pivotal role	11
plan save	11
position requires	11
processing data	11
product focus	11
product innovation	11
production machine	11
project teams	11
proudly america’s	11
python scala	11
qualifications advanced	11
querying languages	11
real change	11
relevant field	11
researchers data	11
responsible technology	11
restricted stock	11
retail products	11
rewards package	11
rich data	11
risk models	11
role data	11
role you’ll	11
salary compensation	11
schedule based	11
science related	11
senior level	11
series data	11
served generations	11
share insights	11
significant impact	11
social science	11
software design	11
statistical modelling	11
stock options	11
stock units	11
stocked kitchens	11
strategic decisions	11
strong business	11
strong passion	11
strong relationships	11
strong technical	11
successful candidates	11
support mental	11
team oriented	11
technology driven	11
technology engineering	11
technology solutions	11
technology teams	11
testing design	11
trade offs	11
training programs	11
transaction processing	11
translate data	11
trusted partner	11
usa minimum	11
user growth	11
voice matters	11
world location	11
50 companies relying	11
advanced data science	11
age disability marital	11
america’s department store	11
analytics data science	11
applied machine learning	11
artificial intelligence quantum	11
banking financial transaction	11
benefits program consisting	11
citizenship status military	11
commercial banking financial	11
company description twitter	11
complex issues facing	11
computer science data	11
developing machine learning	11
engineering data science	11
expression age mental	11
fast paced dynamic	11
financial transaction processing	11
flexible schedule based	11
flexible vacation policy	11
fortune 50 companies	11
fun loving team	11
generous paid time	11
highly motivated collaborative	11
human condition bringing	11
improve business society	11
insurance retirement plans	11
intelligence quantum computing	11
job application procedures	11
junior data analyst	11
key product metrics	11
largest corporate organizations	11
life insurance retirement	11
machine learning systems	11
math data science	11
mathematics statistics economics	11
methods statistical analysis	11
military status protected	11
minimum qualifications bachelor's	11
paid parental bonding	11
physical health.financial programs	11
physics computer science	11
product managers designers	11
production machine learning	11
proudly america’s department	11
race color creed	11
real change starts	11
relevant industry experience	11
religion sex including	11
responsible technology innovator	11
restricted stock units	11
retail products services	11
scale distributed systems	11
science statistics mathematics	11
scientists product managers	11
supply chain operations	11
total rewards package	11
usa minimum qualifications	11
view ca usa	11
world location statement	11
085	10
300	10
90	10
acorn	10
acquiring	10
adopt	10
affairs	10
agoda	10
alternatives	10
amazon's	10
ambitions	10
analyzes	10
annually	10
armed	10
articles	10
atlanta	10
audit	10
automotive	10
banks	10
barriers	10
bay	10
biases	10
board	10
bottom	10
carrier	10
carves	10
cellular	10
chronic	10
citigroup	10
civis	10
collective	10
communities.discounts	10
considers	10
construct	10
construction	10
consultant	10
consume	10
contractor	10
craving	10
cva	10
d3	10
dbs	10
dbt	10
deployments	10
disney	10
dl	10
drawing	10
driver’s	10
ec2	10
economy	10
educating	10
elevate	10
encouraging	10
enormous	10
entities	10
evaluations	10
evolves	10
exponentially	10
factory	10
fda	10
field5	10
filled	10
fish	10
fluent	10
formalize	10
formulate	10
founding	10
friends	10
ga	10
generalized	10
genomic	10
glassdoor	10
globe.giving	10
glue	10
goals.well	10
gradient	10
grasp	10
grows	10
gusto	10
gym	10
h2o	10
helped	10
hope	10
hopper’s	10
imagery	10
impacting	10
importance	10
inception	10
influencers	10
inquiry	10
insurers	10
intellectually	10
interpreted	10
interventions	10
json	10
knowledgeable	10
kyndryl	10
laptop	10
legacy	10
let’s	10
leveraged	10
listener	10
longitudinal	10
mastercard	10
mba	10
measurements	10
mentors	10
merchandise	10
met	10
metadata	10
modify	10
narratives	10
nba	10
newly	10
newsroom	10
opportunities.diverse	10
ops	10
os	10
outcome	10
pa	10
panjiva	10
philosophy	10
pivot	10
pm	10
practitioners	10
prevent	10
priceline	10
prove	10
publication	10
publish	10
pwc.to	10
recovery	10
recruit	10
refining	10
regional	10
relevance	10
reputation	10
requesting	10
respects	10
restless	10
restlessly	10
rewarded	10
richest	10
salaries	10
sb19	10
scaled	10
scenarios	10
schemas	10
scores	10
script	10
shell	10
sia	10
signal	10
situation	10
sophistication	10
sp	10
sponsor	10
standardize	10
table	10
tackling	10
tasked	10
ten	10
tensor	10
tidal	10
toolkit	10
ui	10
unrelated	10
usability	10
utilities	10
validated	10
variables	10
videos	10
vp	10
vue	10
welcoming	10
wholesale	10
wider	10
workers	10
085 8	10
19 world	10
1b lottery	10
3rd party	10
5 20	10
8 5	10
ability technical	10
action equal	10
advanced sql	10
ai analytics	10
ai capabilities	10
amazon define	10
amazon’s retail	10
analytic capabilities	10
analytic tools	10
analytical plans	10
analytical techniques	10
analytics consulting	10
analytics role	10
answering complex	10
applied ai	10
apply machine	10
assurance consulting	10
attribute including	10
auction dynamics	10
audiences ability	10
azure gcp	10
azure sql	10
banking commercial	10
based data	10
bayesian methods	10
benefit charitable	10
benefits note	10
bonding leave	10
bs degree	10
build ey	10
build tools	10
building predictive	10
business banking	10
business driven	10
business perspective	10
business priorities	10
business users	10
business world	10
care leave	10
career goals.well	10
changing environment	10
charitable organizations	10
chase brands	10
claims data	10
class team	10
class training	10
clients grow	10
clustering regression	10
colorado responsibilities	10
combines science	10
common data	10
complex topics	10
computational science	10
condition national	10
conducting research	10
consulting law	10
consumer experience	10
continuous improvement	10
conversation job	10
corporate institutional	10
counseling 401	10
countries provide	10
critical role	10
culture supports	10
culture you’ll	10
customer engagement	10
customer journey	10
customer lifetime	10
customer’s organization	10
data based	10
data data	10
data led	10
data query	10
decision maker	10
deep expertise	10
define data	10
degree 5	10
demonstrable experience	10
deploy models	10
descriptive analytics	10
design implement	10
develop experimental	10
development life	10
dimensionality reduction	10
directly impact	10
director data	10
disability veterans	10
diverse ey	10
diverse talents	10
draw insights	10
drive real	10
driven learning	10
driver’s license	10
dynamic programming	10
e.g emr	10
economics computer	10
educational reimbursement	10
educational resources	10
effect relations	10
elasticsearch hadoop	10
eligible ibmers	10
empirical research	10
employees religious	10
emr spark	10
engineering community	10
enterprise data	10
enterprise wide	10
environment experience	10
excellent oral	10
exceptional experience	10
exceptional ey	10
experience conducting	10
experience designing	10
experience e.g	10
expert financial	10
external clients	10
ey building	10
ey exists	10
ey experience	10
ey you’ll	10
facing shopping	10
financial counseling	10
financial solutions	10
firm representing	10
generalized linear	10
generate billions	10
genuine passion	10
global technology	10
global workforce	10
government clients	10
grow transform	10
growing business	10
growing businesses	10
guide product	10
hadoop pig	10
handle multiple	10
harassment based	10
health economics	10
healthcare system	10
healthfirst management	10
helping businesses	10
highly scalable	10
hiring managers	10
hiring practices	10
history spans	10
hoc analysis	10
https pwc.to	10
ibm stock	10
ibm's learning	10
identity age	10
images video	10
implement data	10
implement solutions	10
impressions millions	10
including business	10
including experience	10
including medical	10
individuality unleash	10
influence customer	10
influence support	10
information colorado	10
innovate impact	10
innovative approaches	10
innovative thinking	10
insights coaching	10
institutions offers	10
interactive visualizations	10
investment decisions	10
job category	10
job duties	10
job requirements	10
job search	10
juggle multiple	10
knowledge graphs	10
languages including	10
languages python	10
law strategy	10
leadership organizational	10
leadership we’ll	10
leading data	10
learn numpy	10
learn quickly	10
learning computer	10
learning culture	10
learning predictive	10
leave gender	10
leverage native	10
life changing	10
local communities.discounts	10
management teams	10
managers engineers	10
marketing campaigns	10
markets enabled	10
mathematical modeling	10
meet client	10
meet deadlines	10
messy data	10
ml methods	10
ml techniques	10
modeling approach	10
modeling simulation	10
modeling tools	10
money including	10
move fast	10
moving forward	10
multi variate	10
multiple teams	10
note disclosure	10
offers innovative	10
operational data	10
opportunity amazon	10
oral communication	10
organizational ability	10
origin physical	10
paced startup	10
package including	10
people’s lives	10
personalized ai	10
physical financial	10
physics statistics	10
platform engineering	10
platform ibm's	10
private equity	10
project requirements	10
prominent corporate	10
protected attribute	10
protected basis	10
protected class	10
provide technical	10
provide trust	10
pwc professional	10
python data	10
python machine	10
qualification bachelors	10
quality care	10
quantitative research	10
race creed	10
real business	10
recruitment firm	10
reimbursement opportunities.diverse	10
related stem	10
relevant research	10
religious practices	10
remote friendly	10
restless attitude	10
restlessly reinventing	10
retail business	10
rich environment	10
role combines	10
sb19 085	10
scalable solutions	10
scale support	10
science community	10
science leadership	10
science math	10
science methods	10
science project	10
science vision	10
scientist experience	10
scientist ii	10
select educational	10
semi structured	10
senior leaders	10
shopping experiences	10
sick days	10
similar quantitative	10
simulation optimization	10
software systems	10
solutions generate	10
solve challenging	10
spark elasticsearch	10
specific plans	10
sql tableau	10
staff data	10
standard time	10
start date	10
statement benefits	10
statistical data	10
statistics analytics	10
status race	10
stock discount	10
strategic recommendations	10
strategy tax	10
strength product	10
strong attention	10
strong background	10
strong programming	10
strong quantitative	10
strongly encourage	10
successful completion	10
suppliers grow	10
support inclusive	10
tableau python	10
tangible business	10
teams including	10
tech startup	10
technical approaches	10
technical strength	10
technology diverse	10
tensor flow	10
term science	10
test design	10
test hypotheses	10
time zones	10
topic modeling	10
transactions ey	10
travel marketplace	10
tuition reimbursement	10
understand data	10
unique voice	10
usa remote	10
valuable insights	10
vast amounts	10
visualization skills	10
visualizing data	10
voice carves	10
volunteer programs	10
wa usa	10
we’ll provide	10
we’re counting	10
wholesale payments	10
world ey	10
world helping	10
world restlessly	10
085 8 5	10
150 countries provide	10
19 world class	10
8 5 20	10
ability technical strength	10
action equal opportunity	10
ad hoc analysis	10
ad impressions millions	10
additional information colorado	10
advertising business driven	10
affirmative action equal	10
age race color	10
ai driven learning	10
answering complex business	10
apply machine learning	10
associate data scientist	10
assurance consulting law	10
attribute including race	10
bachelors masters degree	10
banking commercial banking	10
base salary range	10
benefit charitable organizations	10
benefits note disclosure	10
bonding leave family	10
bonus equity benefits	10
build data pipelines	10
build ey building	10
business audiences ability	10
business banking commercial	10
capital markets enabled	10
care leave gender	10
chain data scientist	10
clients grow transform	10
combines science leadership	10
comprehensive benefits package	10
condition national origin	10
consulting law strategy	10
continuous learning you’ll	10
conversation job description	10
countries provide trust	10
covid 19 world	10
creed color religion	10
customer facing shopping	10
customer’s organization demonstrable	10
data driven approach	10
data driven models	10
data querying languages	10
data science community	10
data science methods	10
data science project	10
data scientist experience	10
develop creative solutions	10
development life cycle	10
distributed systems e.g	10
diverse ey teams	10
driven learning platform	10
dynamic environment excellent	10
e.g emr spark	10
economics computer science	10
educational reimbursement opportunities.diverse	10
elasticsearch hadoop pig	10
employees religious practices	10
employer qualified applicants	10
emr spark elasticsearch	10
environment excellent verbal	10
equity benefits note	10
essential job functions	10
exceptional ey experience	10
experience advanced degree	10
experienced data scientists	10
expert financial counseling	10
expression age marital	10
ey experience it’s	10
facing shopping experiences	10
family care options	10
fast paced startup	10
fastest growing businesses	10
financial counseling 401	10
financial institutions offers	10
global scale support	10
healthfirst management services	10
ibm stock discount	10
ibm's learning culture	10
including expert financial	10
including race religion	10
inclusive culture you’ll	10
inclusive employee resource	10
influence customer facing	10
innovative financial solutions	10
institutions offers innovative	10
investment banking consumer	10
law strategy tax	10
leadership organizational ability	10
learning culture supports	10
learning data science	10
learning platform ibm's	10
learning statistical modeling	10
learning you’ll develop	10
leave family care	10
leave gender identity	10
leverage native advertising	10
location statement benefits	10
machine learning modeling	10
machine learning predictive	10
medical care leave	10
medical condition national	10
minimum qualification bachelors	10
minimum salary compensation	10
ml methods statistical	10
money including expert	10
national origin physical	10
object oriented design	10
offers innovative financial	10
organizational ability technical	10
parental bonding leave	10
personalized ai driven	10
platform ibm's learning	10
preferred qualifications phd	10
prominent corporate institutional	10
protected attribute including	10
public conversation job	10
python machine learning	10
qualification bachelors masters	10
querying languages e.g	10
race creed color	10
recruitment firm representing	10
role combines science	10
sb19 085 8	10
scale support inclusive	10
science leadership organizational	10
scikit learn numpy	10
select educational reimbursement	10
senior data scientists	10
solutions generate billions	10
spark elasticsearch hadoop	10
staff data scientist	10
standard time zone	10
statistical tools experience	10
status race religion	10
strength product focus	10
support inclusive culture	10
systems e.g emr	10
technical strength product	10
technology diverse ey	10
term science vision	10
time series data	10
transactions ey teams	10
veteran status race	10
visualization tools tableau	10
world class training	10
world ey exists	10
world restlessly reinventing	10
